Date,Index,Open,High,Low,Close,Volume,Currency
29-03-2017,NIFTY 50,9128.7,9153.15,9109.1,9143.8,250903008,INR
30-03-2017,NIFTY 50,9142.6,9183.15,9136.35,9173.75,333409984,INR
31-03-2017,NIFTY 50,9158.9,9191.7,9152.1,9173.75,196772000,INR
03-04-2017,NIFTY 50,9220.6,9245.35,9192.4,9237.85,143444992,INR
05-04-2017,NIFTY 50,9264.4,9273.9,9215.4,9265.15,190528992,INR
06-04-2017,NIFTY 50,9245.8,9267.95,9218.85,9261.95,191936992,INR
07-04-2017,NIFTY 50,9223.7,9250.5,9188.1,9198.3,195919008,INR
10-04-2017,NIFTY 50,9225.6,9225.65,9174.85,9181.45,139968992,INR
11-04-2017,NIFTY 50,9184.55,9242.7,9172.85,9237,206262000,INR
12-04-2017,NIFTY 50,9242.5,9246.4,9161.8,9203.45,166755008,INR
13-04-2017,NIFTY 50,9202.5,9202.65,9144.95,9150.8,171696000,INR
17-04-2017,NIFTY 50,9144.75,9160,9120.25,9139.3,132244000,INR
18-04-2017,NIFTY 50,9163,9217.9,9095.45,9105.15,179570000,INR
19-04-2017,NIFTY 50,9112.2,9120.5,9075.15,9103.5,179116992,INR
20-04-2017,NIFTY 50,9108.1,9143.9,9102.65,9136.4,175630000,INR
21-04-2017,NIFTY 50,9179.1,9183.65,9088.75,9119.4,159980992,INR
24-04-2017,NIFTY 50,9135.35,9225.4,9130.55,9217.95,172908000,INR
25-04-2017,NIFTY 50,9273.05,9309.2,9250.35,9306.6,173896992,INR
26-04-2017,NIFTY 50,9336.2,9367,9301.35,9351.85,191395008,INR
27-04-2017,NIFTY 50,9359.15,9367.15,9322.65,9342.15,215882000,INR
28-04-2017,NIFTY 50,9340.95,9342.65,9282.25,9304.05,167228992,INR
02-05-2017,NIFTY 50,9339.85,9352.55,9269.9,9313.8,166558000,INR
03-05-2017,NIFTY 50,9344.7,9346.3,9298.4,9311.95,156342000,INR
04-05-2017,NIFTY 50,9360.95,9365.65,9323.25,9359.9,277896000,INR
05-05-2017,NIFTY 50,9374.55,9377.1,9272,9285.3,239134000,INR
08-05-2017,NIFTY 50,9311.45,9338.7,9297.95,9314.05,179710000,INR
09-05-2017,NIFTY 50,9337.35,9338.95,9307.7,9316.85,136416992,INR
10-05-2017,NIFTY 50,9339.65,9414.75,9336,9407.3,157363008,INR
11-05-2017,NIFTY 50,9448.6,9450.65,9411.3,9422.4,176440000,INR
12-05-2017,NIFTY 50,9436.65,9437.75,9372.55,9400.9,159079008,INR
15-05-2017,NIFTY 50,9433.55,9449.25,9423.1,9445.4,145164000,INR
16-05-2017,NIFTY 50,9461,9517.2,9456.35,9512.25,171708992,INR
17-05-2017,NIFTY 50,9517.6,9532.6,9486.1,9525.75,211856000,INR
18-05-2017,NIFTY 50,9453.2,9489.1,9418.1,9429.45,199340992,INR
19-05-2017,NIFTY 50,9469.9,9505.75,9390.75,9427.9,259860992,INR
22-05-2017,NIFTY 50,9480.25,9498.65,9427.9,9438.25,202875008,INR
23-05-2017,NIFTY 50,9445.05,9448.05,9370,9386.15,231346000,INR
24-05-2017,NIFTY 50,9410.9,9431.9,9341.65,9360.55,218264992,INR
25-05-2017,NIFTY 50,9384.05,9523.3,9379.2,9509.75,298147008,INR
26-05-2017,NIFTY 50,9507.75,9604.9,9495.4,9595.1,225648000,INR
29-05-2017,NIFTY 50,9560.05,9637.75,9547.7,9604.9,242266000,INR
30-05-2017,NIFTY 50,9590.65,9635.3,9581.2,9624.55,199894000,INR
31-05-2017,NIFTY 50,9636.55,9649.6,9609.25,9621.25,427052992,INR
01-06-2017,NIFTY 50,9603.55,9634.65,9589.9,9616.1,181532992,INR
02-06-2017,NIFTY 50,9657.15,9673.5,9637.45,9653.5,167195008,INR
05-06-2017,NIFTY 50,9656.3,9687.2,9640.7,9675.1,131685000,INR
06-06-2017,NIFTY 50,9704.25,9709.3,9630.2,9637.15,150380000,INR
07-06-2017,NIFTY 50,9663.95,9678.55,9630.55,9663.9,165670000,INR
08-06-2017,NIFTY 50,9682.4,9688.7,9641.5,9647.25,160164992,INR
09-06-2017,NIFTY 50,9638.55,9676.25,9608.15,9668.25,163898000,INR
12-06-2017,NIFTY 50,9646.7,9647.05,9598.5,9616.4,145787008,INR
13-06-2017,NIFTY 50,9615.55,9654.15,9595.4,9606.9,133734000,INR
14-06-2017,NIFTY 50,9621.55,9627.4,9580.45,9618.15,187379008,INR
15-06-2017,NIFTY 50,9617.9,9621.4,9560.8,9578.05,176423008,INR
16-06-2017,NIFTY 50,9595.45,9615.85,9565.5,9588.05,219808992,INR
19-06-2017,NIFTY 50,9626.4,9673.3,9614.9,9657.55,146146000,INR
20-06-2017,NIFTY 50,9670.5,9676.5,9643.75,9653.5,164436992,INR
21-06-2017,NIFTY 50,9648.1,9650.45,9608.6,9633.6,148491008,INR
22-06-2017,NIFTY 50,9642.65,9698.85,9617.75,9630,204888992,INR
23-06-2017,NIFTY 50,9643.25,9647.65,9565.3,9574.95,180580992,INR
27-06-2017,NIFTY 50,9594.05,9615.4,9473.45,9511.4,209594000,INR
28-06-2017,NIFTY 50,9520.2,9522.5,9474.35,9491.25,177652000,INR
29-06-2017,NIFTY 50,9522.95,9575.8,9493.8,9504.1,267284000,INR
30-06-2017,NIFTY 50,9478.5,9535.8,9448.75,9520.9,185203008,INR
03-07-2017,NIFTY 50,9587.95,9624,9543.55,9615,188691008,INR
04-07-2017,NIFTY 50,9645.9,9650.65,9595.5,9613.3,149314000,INR
05-07-2017,NIFTY 50,9619.75,9643.65,9607.35,9637.6,134848992,INR
06-07-2017,NIFTY 50,9653.6,9700.7,9639.95,9674.55,152002000,INR
07-07-2017,NIFTY 50,9670.35,9684.25,9642.65,9665.8,146232000,INR
10-07-2017,NIFTY 50,9719.3,9782.15,9646.45,9771.05,38745000,INR
11-07-2017,NIFTY 50,9797.45,9830.05,9778.85,9786.05,185322000,INR
12-07-2017,NIFTY 50,9807.3,9824.95,9787.7,9816.1,150046000,INR
13-07-2017,NIFTY 50,9855.8,9897.25,9853.45,9891.7,186867008,INR
14-07-2017,NIFTY 50,9913.3,9913.3,9845.45,9886.35,164456992,INR
17-07-2017,NIFTY 50,9908.15,9928.2,9894.7,9915.95,168596992,INR
18-07-2017,NIFTY 50,9832.7,9885.35,9792.05,9827.15,303008000,INR
19-07-2017,NIFTY 50,9855.95,9905.05,9851.65,9899.6,206376000,INR
20-07-2017,NIFTY 50,9920.2,9922.55,9863.45,9873.3,166083008,INR
21-07-2017,NIFTY 50,9899.6,9924.7,9838,9915.25,193286000,INR
24-07-2017,NIFTY 50,9936.8,9982.05,9919.6,9966.4,179906000,INR
25-07-2017,NIFTY 50,10010.55,10011.3,9949.1,9964.55,191206000,INR
26-07-2017,NIFTY 50,9983.65,10025.95,9965.95,10020.65,203698000,INR
27-07-2017,NIFTY 50,10063.25,10114.85,10005.5,10020.55,296782016,INR
28-07-2017,NIFTY 50,9996.55,10026.05,9944.5,10014.5,197491008,INR
31-07-2017,NIFTY 50,10034.7,10085.9,10016.95,10077.1,245096992,INR
01-08-2017,NIFTY 50,10101.05,10128.6,10065.75,10114.65,190000992,INR
02-08-2017,NIFTY 50,10136.3,10137.85,10054.2,10081.5,166463008,INR
03-08-2017,NIFTY 50,10081.15,10081.15,9998.25,10013.65,198666000,INR
04-08-2017,NIFTY 50,10008.6,10075.25,9988.35,10066.4,184082000,INR
07-08-2017,NIFTY 50,10074.8,10088.1,10046.35,10057.4,141566000,INR
08-08-2017,NIFTY 50,10068.35,10083.8,9947,9978.55,209644992,INR
09-08-2017,NIFTY 50,9961.15,9969.8,9893.05,9908.05,174395008,INR
10-08-2017,NIFTY 50,9872.85,9892.65,9776.2,9820.25,242820992,INR
11-08-2017,NIFTY 50,9712.15,9771.65,9685.55,9710.8,294732992,INR
14-08-2017,NIFTY 50,9755.75,9818.3,9752.1,9794.15,201614000,INR
16-08-2017,NIFTY 50,9825.85,9903.95,9773.85,9897.3,226268992,INR
17-08-2017,NIFTY 50,9945.55,9947.8,9883.75,9904.15,203652000,INR
18-08-2017,NIFTY 50,9865.95,9865.95,9783.65,9837.4,253932000,INR
21-08-2017,NIFTY 50,9864.25,9884.35,9740.1,9754.35,211628000,INR
22-08-2017,NIFTY 50,9815.75,9828.45,9752.6,9765.55,189267008,INR
23-08-2017,NIFTY 50,9803.05,9857.9,9786.75,9852.5,173816000,INR
24-08-2017,NIFTY 50,9881.2,9881.5,9848.85,9857.05,190399008,INR
28-08-2017,NIFTY 50,9907.15,9925.75,9882,9912.8,164494000,INR
29-08-2017,NIFTY 50,9886.4,9887.35,9783.75,9796.05,178668000,INR
30-08-2017,NIFTY 50,9859.5,9909.45,9850.8,9884.4,162704000,INR
31-08-2017,NIFTY 50,9905.7,9925.1,9856.95,9917.9,337782016,INR
01-09-2017,NIFTY 50,9937.65,9983.45,9909.85,9974.4,162731008,INR
04-09-2017,NIFTY 50,9984.15,9988.4,9861,9912.85,153368992,INR
05-09-2017,NIFTY 50,9933.25,9963.1,9901.05,9952.2,143522000,INR
06-09-2017,NIFTY 50,9899.25,9931.55,9882.55,9916.2,153768000,INR
07-09-2017,NIFTY 50,9945.85,9964.85,9917.2,9929.9,194627008,INR
08-09-2017,NIFTY 50,9958.65,9963.6,9913.3,9934.8,168699008,INR
11-09-2017,NIFTY 50,9971.75,10028.65,9968.8,10006.05,178410000,INR
12-09-2017,NIFTY 50,10056.85,10097.55,10028.05,10093.05,188248000,INR
13-09-2017,NIFTY 50,10099.25,10131.95,10063.15,10079.3,221608000,INR
14-09-2017,NIFTY 50,10107.4,10126.5,10070.35,10086.6,232638000,INR
15-09-2017,NIFTY 50,10062.35,10115.15,10043.65,10085.4,274799008,INR
18-09-2017,NIFTY 50,10133.1,10171.7,10131.3,10153.1,160852992,INR
19-09-2017,NIFTY 50,10175.6,10178.95,10129.95,10147.55,193346000,INR
20-09-2017,NIFTY 50,10160.95,10171.05,10134.2,10141.15,205604992,INR
21-09-2017,NIFTY 50,10139.6,10158.9,10058.6,10121.9,197711008,INR
22-09-2017,NIFTY 50,10094.35,10095.05,9952.8,9964.4,233622000,INR
25-09-2017,NIFTY 50,9960.1,9960.5,9816.05,9872.6,228207008,INR
26-09-2017,NIFTY 50,9875.25,9891.35,9813,9871.5,196792992,INR
27-09-2017,NIFTY 50,9920.6,9921.05,9714.4,9735.75,206306000,INR
28-09-2017,NIFTY 50,9736.4,9789.2,9687.55,9768.95,396875008,INR
29-09-2017,NIFTY 50,9814.3,9854,9775.35,9788.6,202350000,INR
03-10-2017,NIFTY 50,9893.3,9895.4,9831.05,9859.5,167832992,INR
04-10-2017,NIFTY 50,9884.35,9938.3,9850.65,9914.9,160994000,INR
05-10-2017,NIFTY 50,9927,9945.95,9881.85,9888.7,152362000,INR
06-10-2017,NIFTY 50,9908.15,9989.35,9906.6,9979.7,201859008,INR
09-10-2017,NIFTY 50,9988.2,10015.75,9959.45,9988.75,148396000,INR
10-10-2017,NIFTY 50,10013.7,10034,10002.3,10016.95,153247008,INR
11-10-2017,NIFTY 50,10042.6,10067.25,9955.8,9984.8,195592992,INR
12-10-2017,NIFTY 50,10011.2,10104.45,9977.1,10096.4,207107008,INR
13-10-2017,NIFTY 50,10123.7,10191.9,10120.1,10167.45,237230000,INR
16-10-2017,NIFTY 50,10207.4,10242.95,10175.1,10230.85,209327008,INR
17-10-2017,NIFTY 50,10227.65,10251.85,10212.6,10234.45,201782000,INR
18-10-2017,NIFTY 50,10209.4,10236.45,10175.75,10210.85,262112000,INR
19-10-2017,NIFTY 50,10210.35,10211.95,10123.35,10146.55,31086000,INR
23-10-2017,NIFTY 50,10176.65,10224.15,10124.5,10184.85,224799008,INR
24-10-2017,NIFTY 50,10218.55,10237.75,10182.4,10207.7,223914000,INR
25-10-2017,NIFTY 50,10321.15,10340.55,10240.9,10295.35,612620992,INR
26-10-2017,NIFTY 50,10291.8,10355.65,10271.85,10343.8,443036000,INR
27-10-2017,NIFTY 50,10362.3,10366.15,10311.3,10323.05,322411008,INR
30-10-2017,NIFTY 50,10353.85,10384.5,10344.3,10363.65,244192992,INR
31-10-2017,NIFTY 50,10364.9,10367.7,10323.95,10335.3,239810000,INR
01-11-2017,NIFTY 50,10390.35,10451.65,10383.05,10440.5,268270000,INR
02-11-2017,NIFTY 50,10440.5,10453,10412.55,10423.8,207735008,INR
03-11-2017,NIFTY 50,10461.55,10461.7,10403.6,10452.5,206100992,INR
06-11-2017,NIFTY 50,10431.75,10490.45,10413.75,10451.8,199559008,INR
07-11-2017,NIFTY 50,10477.15,10485.75,10340.8,10350.15,295831008,INR
08-11-2017,NIFTY 50,10361.95,10384.25,10285.5,10303.15,282950016,INR
09-11-2017,NIFTY 50,10358.65,10368.45,10266.95,10308.95,247607008,INR
10-11-2017,NIFTY 50,10304.35,10344.95,10254.1,10321.75,287963008,INR
13-11-2017,NIFTY 50,10322,10334.15,10216.25,10224.95,216800000,INR
14-11-2017,NIFTY 50,10223.4,10248,10175.55,10186.6,314412992,INR
15-11-2017,NIFTY 50,10171.95,10175.45,10094,10118.05,213836000,INR
16-11-2017,NIFTY 50,10152.9,10232.25,10139.2,10214.75,188180000,INR
17-11-2017,NIFTY 50,10324.55,10343.6,10268.05,10283.6,209592992,INR
20-11-2017,NIFTY 50,10287.2,10309.85,10261.5,10298.75,151751008,INR
21-11-2017,NIFTY 50,10329.25,10358.7,10315.05,10326.9,191859008,INR
22-11-2017,NIFTY 50,10350.8,10368.7,10309.55,10342.3,162504000,INR
23-11-2017,NIFTY 50,10358.45,10374.3,10307.3,10348.75,157652000,INR
24-11-2017,NIFTY 50,10366.8,10404.5,10362.25,10389.7,133177000,INR
27-11-2017,NIFTY 50,10361.05,10407.15,10340.2,10399.55,146276992,INR
28-11-2017,NIFTY 50,10387.9,10409.55,10355.2,10370.25,202051008,INR
29-11-2017,NIFTY 50,10376.65,10392.95,10345.9,10361.3,157192992,INR
30-11-2017,NIFTY 50,10332.7,10332.7,10211.25,10226.55,353104992,INR
01-12-2017,NIFTY 50,10263.7,10272.7,10108.55,10121.8,147766000,INR
04-12-2017,NIFTY 50,10175.05,10179.2,10095.7,10127.75,153240000,INR
05-12-2017,NIFTY 50,10118.25,10147.95,10069.1,10118.25,160252992,INR
06-12-2017,NIFTY 50,10088.8,10104.2,10033.35,10044.1,171208000,INR
07-12-2017,NIFTY 50,10063.45,10182.65,10061.9,10166.7,171339008,INR
08-12-2017,NIFTY 50,10198.45,10270.85,10195.25,10265.65,206234000,INR
11-12-2017,NIFTY 50,10310.5,10329.2,10282.05,10322.25,152035008,INR
12-12-2017,NIFTY 50,10324.9,10326.1,10230.2,10240.15,180547008,INR
13-12-2017,NIFTY 50,10236.6,10296.55,10169.85,10192.95,187192000,INR
14-12-2017,NIFTY 50,10229.3,10276.1,10141.55,10252.1,159104000,INR
15-12-2017,NIFTY 50,10345.65,10373.1,10319.65,10333.25,262975008,INR
18-12-2017,NIFTY 50,10263.1,10443.55,10074.8,10388.75,237507008,INR
19-12-2017,NIFTY 50,10414.8,10472.2,10406,10463.2,174340992,INR
20-12-2017,NIFTY 50,10494.4,10494.45,10437.15,10444.2,180596992,INR
21-12-2017,NIFTY 50,10473.95,10473.95,10426.9,10440.3,156647008,INR
22-12-2017,NIFTY 50,10457.3,10501.1,10448.25,10493,143119008,INR
26-12-2017,NIFTY 50,10512.3,10545.45,10477.95,10531.5,160416992,INR
27-12-2017,NIFTY 50,10531.05,10552.4,10469.25,10490.75,170307008,INR
28-12-2017,NIFTY 50,10498.2,10534.55,10460.45,10477.9,281310016,INR
29-12-2017,NIFTY 50,10492.35,10538.7,10488.65,10530.7,156736000,INR
01-01-2018,NIFTY 50,10531.7,10537.85,10423.1,10435.55,134532000,INR
02-01-2018,NIFTY 50,10477.55,10495.2,10404.65,10442.2,158092000,INR
03-01-2018,NIFTY 50,10482.65,10503.6,10429.55,10443.2,172516992,INR
04-01-2018,NIFTY 50,10469.4,10513,10441.45,10504.8,180256992,INR
05-01-2018,NIFTY 50,10534.25,10566.1,10520.1,10558.85,186470000,INR
08-01-2018,NIFTY 50,10591.7,10631.2,10588.55,10623.6,174180992,INR
09-01-2018,NIFTY 50,10645.1,10659.15,10603.6,10637,211292000,INR
10-01-2018,NIFTY 50,10652.05,10655.5,10592.7,10632.2,181900000,INR
11-01-2018,NIFTY 50,10637.05,10664.6,10612.35,10651.2,158630000,INR
12-01-2018,NIFTY 50,10682.55,10690.4,10597.1,10681.25,180592000,INR
15-01-2018,NIFTY 50,10718.5,10782.65,10713.8,10741.55,181262000,INR
16-01-2018,NIFTY 50,10761.5,10762.35,10687.85,10700.45,217468000,INR
17-01-2018,NIFTY 50,10702.45,10803,10666.75,10788.55,260488000,INR
18-01-2018,NIFTY 50,10873.4,10887.5,10782.4,10817,321608992,INR
19-01-2018,NIFTY 50,10829.2,10906.85,10793.9,10894.7,214012000,INR
22-01-2018,NIFTY 50,10883.2,10975.1,10881.4,10966.2,238816000,INR
23-01-2018,NIFTY 50,10997.4,11092.9,10994.55,11083.7,293446016,INR
24-01-2018,NIFTY 50,11069.35,11110.1,11046.15,11086,292196992,INR
25-01-2018,NIFTY 50,11095.6,11095.6,11009.2,11069.65,340468992,INR
29-01-2018,NIFTY 50,11079.35,11171.55,11075.95,11130.4,249220992,INR
30-01-2018,NIFTY 50,11120.85,11121.1,11033.9,11049.65,234970000,INR
31-01-2018,NIFTY 50,11018.8,11058.5,10979.3,11027.7,253463008,INR
01-02-2018,NIFTY 50,11044.55,11117.35,10878.8,11016.9,315743008,INR
02-02-2018,NIFTY 50,10938.2,10954.95,10736.1,10760.6,291432000,INR
05-02-2018,NIFTY 50,10604.3,10702.75,10586.8,10666.55,247479008,INR
06-02-2018,NIFTY 50,10295.15,10594.15,10276.3,10498.25,274656000,INR
07-02-2018,NIFTY 50,10607.2,10614,10446.4,10476.7,258095008,INR
08-02-2018,NIFTY 50,10518.5,10637.8,10479.55,10576.85,239408000,INR
09-02-2018,NIFTY 50,10416.5,10480.2,10398.2,10454.95,197503008,INR
12-02-2018,NIFTY 50,10518.2,10555.5,10485.4,10539.75,224115008,INR
14-02-2018,NIFTY 50,10585.75,10590.55,10456.65,10500.9,236328992,INR
15-02-2018,NIFTY 50,10537.9,10618.1,10511.05,10545.5,217090000,INR
16-02-2018,NIFTY 50,10596.2,10612.9,10434.05,10452.3,190043008,INR
19-02-2018,NIFTY 50,10488.9,10489.35,10302.75,10378.4,193088000,INR
20-02-2018,NIFTY 50,10391,10429.35,10347.65,10360.4,193464992,INR
21-02-2018,NIFTY 50,10426,10426.1,10349.6,10397.45,241332000,INR
22-02-2018,NIFTY 50,10354.35,10397.55,10340.65,10382.7,323259008,INR
23-02-2018,NIFTY 50,10408.1,10499.1,10396.65,10491.05,217134000,INR
26-02-2018,NIFTY 50,10526.55,10592.95,10520.2,10582.6,177239008,INR
27-02-2018,NIFTY 50,10615.2,10631.65,10537.25,10554.3,193250000,INR
28-02-2018,NIFTY 50,10488.95,10535.5,10461.55,10492.85,294793984,INR
01-03-2018,NIFTY 50,10479.95,10525.5,10447.15,10458.35,181379008,INR
05-03-2018,NIFTY 50,10428.3,10428.7,10323.9,10358.85,199976000,INR
06-03-2018,NIFTY 50,10420.5,10441.35,10215.9,10249.25,229782000,INR
07-03-2018,NIFTY 50,10232.95,10243.35,10141.55,10154.2,257200992,INR
08-03-2018,NIFTY 50,10216.25,10270.35,10146.4,10242.65,233378000,INR
09-03-2018,NIFTY 50,10271.3,10296.7,10211.9,10226.85,192332992,INR
12-03-2018,NIFTY 50,10301.6,10433.65,10295.45,10421.4,223135008,INR
13-03-2018,NIFTY 50,10389.5,10478.6,10377.85,10426.85,274852992,INR
14-03-2018,NIFTY 50,10393.05,10420.35,10336.3,10410.9,186991008,INR
15-03-2018,NIFTY 50,10405.45,10420,10346.2,10360.15,179308992,INR
16-03-2018,NIFTY 50,10345.15,10346.3,10180.25,10195.15,338702016,INR
19-03-2018,NIFTY 50,10215.35,10224.55,10075.3,10094.25,216670000,INR
20-03-2018,NIFTY 50,10051.55,10155.65,10049.1,10124.35,209328000,INR
21-03-2018,NIFTY 50,10181.95,10227.3,10132.95,10155.25,211060000,INR
22-03-2018,NIFTY 50,10167.5,10207.85,10105.4,10114.75,237632992,INR
23-03-2018,NIFTY 50,9968.8,10027.7,9951.9,9998.05,294515008,INR
26-03-2018,NIFTY 50,9989.15,10143.5,9958.55,10130.65,270664992,INR
27-03-2018,NIFTY 50,10188,10207.9,10139.65,10184.15,232714000,INR
28-03-2018,NIFTY 50,10143.6,10158.35,10096.9,10113.7,354976992,INR
02-04-2018,NIFTY 50,10151.65,10220.1,10127.75,10211.8,232432992,INR
03-04-2018,NIFTY 50,10186.85,10255.35,10171.05,10245,211652000,INR
04-04-2018,NIFTY 50,10274.6,10279.85,10111.3,10128.4,238183008,INR
05-04-2018,NIFTY 50,10228.45,10331.8,10227.45,10325.15,244116000,INR
06-04-2018,NIFTY 50,10322.75,10350.45,10290.85,10331.6,206356000,INR
09-04-2018,NIFTY 50,10333.7,10397.7,10328.5,10379.35,228512992,INR
10-04-2018,NIFTY 50,10412.9,10424.85,10381.5,10402.25,259524000,INR
11-04-2018,NIFTY 50,10428.15,10428.15,10355.6,10417.15,258076992,INR
12-04-2018,NIFTY 50,10410.65,10469.9,10395.25,10458.65,246028000,INR
13-04-2018,NIFTY 50,10495.3,10519.9,10451.45,10480.6,219724992,INR
16-04-2018,NIFTY 50,10398.3,10540.15,10396.35,10528.35,200951008,INR
17-04-2018,NIFTY 50,10557.3,10560.45,10495.65,10548.7,212450000,INR
18-04-2018,NIFTY 50,10578.9,10594.2,10509.7,10526.2,211823008,INR
19-04-2018,NIFTY 50,10563.65,10572.2,10546.2,10565.3,270740992,INR
20-04-2018,NIFTY 50,10560.35,10582.35,10527.45,10564.05,252227008,INR
23-04-2018,NIFTY 50,10592.8,10638.35,10514.95,10584.7,200203008,INR
24-04-2018,NIFTY 50,10578.1,10636.8,10569,10614.35,225972992,INR
25-04-2018,NIFTY 50,10612.4,10612.6,10536.45,10570.55,195130000,INR
26-04-2018,NIFTY 50,10586.5,10628.4,10559.65,10617.8,345536000,INR
27-04-2018,NIFTY 50,10651.65,10719.8,10647.55,10692.3,306671008,INR
30-04-2018,NIFTY 50,10705.75,10759,10704.6,10739.35,179163008,INR
02-05-2018,NIFTY 50,10783.85,10784.65,10689.8,10718.05,236756992,INR
03-05-2018,NIFTY 50,10720.15,10720.6,10647.45,10679.65,190870000,INR
04-05-2018,NIFTY 50,10700.45,10700.45,10601.6,10618.25,192296000,INR
07-05-2018,NIFTY 50,10653.15,10725.65,10635.65,10715.5,173620000,INR
08-05-2018,NIFTY 50,10757.9,10758.55,10689.4,10717.8,278119008,INR
09-05-2018,NIFTY 50,10693.35,10766.25,10689.85,10741.7,222116000,INR
10-05-2018,NIFTY 50,10779.65,10785.55,10705,10716.55,197988000,INR
11-05-2018,NIFTY 50,10741.95,10812.05,10724.45,10806.5,209392000,INR
14-05-2018,NIFTY 50,10815.15,10834.85,10774.75,10806.6,176698000,INR
15-05-2018,NIFTY 50,10812.6,10929.2,10781.4,10801.85,262202000,INR
16-05-2018,NIFTY 50,10751.95,10790.45,10699.7,10741.1,238222000,INR
17-05-2018,NIFTY 50,10775.6,10777.25,10664.5,10682.7,220739008,INR
18-05-2018,NIFTY 50,10671.85,10674.95,10589.1,10596.4,229908992,INR
21-05-2018,NIFTY 50,10616.7,10621.7,10505.8,10516.7,197294000,INR
22-05-2018,NIFTY 50,10518.45,10558.6,10490.55,10536.7,249236992,INR
23-05-2018,NIFTY 50,10521.1,10533.55,10417.8,10430.35,299919008,INR
24-05-2018,NIFTY 50,10464.85,10535.15,10419.8,10513.85,306792000,INR
25-05-2018,NIFTY 50,10533.05,10628.05,10524,10605.15,268915008,INR
28-05-2018,NIFTY 50,10648.35,10709.8,10640.55,10688.65,239786000,INR
29-05-2018,NIFTY 50,10689.4,10717.25,10616.1,10633.3,232762000,INR
30-05-2018,NIFTY 50,10579,10648.7,10558.45,10614.35,246124000,INR
31-05-2018,NIFTY 50,10670.1,10763.8,10620.4,10736.15,629198976,INR
01-06-2018,NIFTY 50,10738.45,10764.75,10681.5,10696.2,227356000,INR
04-06-2018,NIFTY 50,10765.95,10770.3,10618.35,10628.5,210148000,INR
05-06-2018,NIFTY 50,10630.7,10633.15,10550.9,10593.15,172898000,INR
06-06-2018,NIFTY 50,10603.45,10698.35,10587.5,10684.65,195760992,INR
07-06-2018,NIFTY 50,10722.6,10818,10722.6,10768.35,227663008,INR
08-06-2018,NIFTY 50,10736.4,10779.45,10709.05,10767.65,215943008,INR
11-06-2018,NIFTY 50,10781.85,10850.55,10777.05,10786.95,217850000,INR
12-06-2018,NIFTY 50,10816.15,10856.55,10789.4,10842.85,204419008,INR
13-06-2018,NIFTY 50,10887.5,10893.25,10842.65,10856.7,220003008,INR
14-06-2018,NIFTY 50,10832.9,10833.7,10773.55,10808.05,190032000,INR
15-06-2018,NIFTY 50,10808.65,10834,10755.4,10817.7,314764000,INR
18-06-2018,NIFTY 50,10830.2,10830.2,10787.35,10799.85,202727008,INR
19-06-2018,NIFTY 50,10789.45,10789.45,10701.2,10710.45,231383008,INR
20-06-2018,NIFTY 50,10734.65,10781.8,10724.05,10772.05,199467008,INR
21-06-2018,NIFTY 50,10808.45,10809.6,10725.9,10741.1,230507008,INR
22-06-2018,NIFTY 50,10742.7,10837,10710.45,10821.85,236898000,INR
25-06-2018,NIFTY 50,10822.9,10831.05,10753.05,10762.45,236692992,INR
26-06-2018,NIFTY 50,10742.7,10805.25,10732.55,10769.15,226846000,INR
27-06-2018,NIFTY 50,10785.5,10785.5,10652.4,10671.4,253620992,INR
28-06-2018,NIFTY 50,10660.8,10674.2,10557.7,10589.1,363156992,INR
29-06-2018,NIFTY 50,10612.85,10723.05,10612.35,10714.3,250328000,INR
02-07-2018,NIFTY 50,10732.35,10736.15,10604.65,10657.3,304536992,INR
03-07-2018,NIFTY 50,10668.6,10713.3,10630.25,10699.9,208372000,INR
04-07-2018,NIFTY 50,10715,10777.15,10677.75,10769.9,179268000,INR
05-07-2018,NIFTY 50,10786.05,10786.05,10726.25,10749.75,227267008,INR
06-07-2018,NIFTY 50,10744.15,10816.35,10735.05,10772.65,256548000,INR
09-07-2018,NIFTY 50,10838.3,10860.35,10807.15,10852.9,189331008,INR
10-07-2018,NIFTY 50,10902.75,10956.9,10876.65,10947.25,203062000,INR
11-07-2018,NIFTY 50,10956.4,10976.65,10923,10948.3,229212000,INR
12-07-2018,NIFTY 50,11006.95,11078.3,10999.65,11023.2,256035008,INR
13-07-2018,NIFTY 50,11056.9,11071.35,10999.75,11018.9,241671008,INR
16-07-2018,NIFTY 50,11018.95,11019.5,10926.25,10936.85,216971008,INR
17-07-2018,NIFTY 50,10939.65,11018.5,10925.6,11008.05,217108000,INR
18-07-2018,NIFTY 50,11060.2,11076.2,10956.3,10980.45,232502000,INR
19-07-2018,NIFTY 50,10999.5,11006.5,10935.45,10957.1,222056000,INR
20-07-2018,NIFTY 50,10963.5,11030.25,10946.2,11010.2,193144000,INR
23-07-2018,NIFTY 50,11019.85,11093.4,11010.95,11084.75,236152992,INR
24-07-2018,NIFTY 50,11109,11143.4,11092.5,11134.3,212247008,INR
25-07-2018,NIFTY 50,11148.4,11157.15,11113.25,11132,212332992,INR
26-07-2018,NIFTY 50,11132.95,11185.85,11125.7,11167.3,376656992,INR
27-07-2018,NIFTY 50,11232.75,11283.4,11210.25,11278.35,324343008,INR
30-07-2018,NIFTY 50,11296.65,11328.1,11261.45,11319.55,287436000,INR
31-07-2018,NIFTY 50,11311.05,11366,11267.75,11356.5,264431008,INR
01-08-2018,NIFTY 50,11359.8,11390.55,11313.55,11346.2,278012992,INR
02-08-2018,NIFTY 50,11328.9,11328.9,11234.95,11244.7,216532992,INR
03-08-2018,NIFTY 50,11297.8,11368,11294.55,11360.8,225146000,INR
06-08-2018,NIFTY 50,11401.5,11427.65,11370.6,11387.1,210003008,INR
07-08-2018,NIFTY 50,11423.15,11428.95,11359.7,11389.45,233410000,INR
08-08-2018,NIFTY 50,11412.5,11459.95,11379.3,11450,217048000,INR
09-08-2018,NIFTY 50,11493.25,11495.2,11454.1,11470.7,311520992,INR
10-08-2018,NIFTY 50,11474.95,11478.75,11419.65,11429.5,336424000,INR
13-08-2018,NIFTY 50,11369.6,11406.3,11340.3,11355.75,254467008,INR
14-08-2018,NIFTY 50,11381.7,11452.45,11370.8,11435.1,239842000,INR
16-08-2018,NIFTY 50,11397.15,11449.85,11366.25,11385.05,299609984,INR
17-08-2018,NIFTY 50,11437.15,11486.45,11431.8,11470.75,241986000,INR
20-08-2018,NIFTY 50,11502.1,11565.3,11499.65,11551.75,239843008,INR
21-08-2018,NIFTY 50,11576.2,11581.75,11539.6,11570.9,231064000,INR
23-08-2018,NIFTY 50,11620.7,11620.7,11546.7,11582.75,256164000,INR
24-08-2018,NIFTY 50,11566.6,11604.6,11532,11557.1,225604992,INR
27-08-2018,NIFTY 50,11605.85,11700.95,11595.6,11691.95,205688992,INR
28-08-2018,NIFTY 50,11731.95,11760.2,11710.5,11738.5,249420000,INR
29-08-2018,NIFTY 50,11744.95,11753.2,11678.85,11691.9,259352000,INR
30-08-2018,NIFTY 50,11694.75,11698.8,11639.7,11676.8,323449984,INR
31-08-2018,NIFTY 50,11675.85,11727.65,11640.1,11680.5,357230016,INR
03-09-2018,NIFTY 50,11751.8,11751.8,11567.4,11582.35,241727008,INR
04-09-2018,NIFTY 50,11598.75,11602.55,11496.85,11520.3,262700992,INR
05-09-2018,NIFTY 50,11514.85,11542.65,11393.85,11476.95,253690000,INR
06-09-2018,NIFTY 50,11514.15,11562.25,11436.05,11536.9,255558000,INR
07-09-2018,NIFTY 50,11558.25,11603,11484.4,11589.1,305028992,INR
10-09-2018,NIFTY 50,11570.25,11573,11427.3,11438.1,295598016,INR
11-09-2018,NIFTY 50,11476.85,11479.4,11274,11287.5,318092992,INR
12-09-2018,NIFTY 50,11340.1,11380.75,11250.2,11369.9,276510016,INR
14-09-2018,NIFTY 50,11443.5,11523.25,11430.55,11515.2,285217984,INR
17-09-2018,NIFTY 50,11464.95,11464.95,11366.9,11377.75,207620992,INR
18-09-2018,NIFTY 50,11381.55,11411.45,11268.95,11278.9,248299008,INR
19-09-2018,NIFTY 50,11326.65,11332.05,11210.9,11234.35,258424000,INR
21-09-2018,NIFTY 50,11271.3,11346.8,10866.45,11143.1,741153024,INR
24-09-2018,NIFTY 50,11164.4,11170.15,10943.6,10967.4,398816000,INR
25-09-2018,NIFTY 50,10969.95,11080.6,10882.85,11067.45,417548992,INR
26-09-2018,NIFTY 50,11145.55,11145.55,10993.05,11053.8,351040992,INR
27-09-2018,NIFTY 50,11079.8,11089.45,10953.35,10977.55,418209984,INR
28-09-2018,NIFTY 50,11008.1,11034.1,10850.3,10930.45,492894016,INR
01-10-2018,NIFTY 50,10930.9,11035.65,10821.55,11008.3,398987008,INR
03-10-2018,NIFTY 50,10982.7,10989.05,10843.75,10858.25,398756992,INR
04-10-2018,NIFTY 50,10754.7,10754.7,10547.25,10599.25,438201984,INR
05-10-2018,NIFTY 50,10514.1,10540.65,10261.9,10316.45,625153984,INR
08-10-2018,NIFTY 50,10310.15,10398.35,10198.4,10348.05,470279008,INR
09-10-2018,NIFTY 50,10390.3,10397.6,10279.35,10301.05,443795008,INR
10-10-2018,NIFTY 50,10331.85,10482.35,10318.25,10460.1,373844000,INR
11-10-2018,NIFTY 50,10169.8,10335.95,10138.6,10234.65,498508992,INR
12-10-2018,NIFTY 50,10331.55,10492.45,10322.15,10472.5,354056992,INR
15-10-2018,NIFTY 50,10524.2,10526.3,10410.15,10512.5,267518000,INR
16-10-2018,NIFTY 50,10550.15,10604.9,10525.3,10584.75,273444000,INR
17-10-2018,NIFTY 50,10688.7,10710.15,10436.45,10453.05,293587008,INR
19-10-2018,NIFTY 50,10339.7,10380.1,10249.6,10303.55,368552000,INR
22-10-2018,NIFTY 50,10405.85,10408.55,10224,10245.25,306472992,INR
23-10-2018,NIFTY 50,10152.6,10222.1,10102.35,10146.8,312041984,INR
24-10-2018,NIFTY 50,10278.15,10290.65,10126.7,10224.75,362272000,INR
25-10-2018,NIFTY 50,10135.05,10166.6,10079.3,10124.9,522422016,INR
26-10-2018,NIFTY 50,10122.35,10128.85,10004.55,10030,375563008,INR
29-10-2018,NIFTY 50,10078.1,10275.3,10020.35,10250.85,375748992,INR
30-10-2018,NIFTY 50,10239.4,10285.1,10175.35,10198.4,298753984,INR
31-10-2018,NIFTY 50,10209.55,10396,10105.1,10386.6,386619008,INR
01-11-2018,NIFTY 50,10441.7,10441.9,10341.9,10380.45,359340000,INR
02-11-2018,NIFTY 50,10462.3,10606.95,10457.7,10553,434176000,INR
05-11-2018,NIFTY 50,10558.75,10558.8,10477,10524,311176000,INR
06-11-2018,NIFTY 50,10552,10600.25,10491.45,10530,309879008,INR
07-11-2018,NIFTY 50,10614.45,10616.45,10591.8,10598.85,2826000,INR
09-11-2018,NIFTY 50,10614.7,10619.55,10544.85,10585.2,305816992,INR
12-11-2018,NIFTY 50,10607.8,10645.5,10464.05,10482.2,267710000,INR
13-11-2018,NIFTY 50,10451.9,10596.25,10440.55,10582.5,262542000,INR
14-11-2018,NIFTY 50,10634.9,10651.6,10532.7,10576.3,396374016,INR
15-11-2018,NIFTY 50,10580.6,10646.5,10557.5,10616.7,306012000,INR
16-11-2018,NIFTY 50,10644,10695.15,10631.15,10682.2,353384992,INR
19-11-2018,NIFTY 50,10731.25,10774.7,10688.8,10763.4,280521984,INR
20-11-2018,NIFTY 50,10740.1,10740.85,10640.85,10656.2,304323008,INR
21-11-2018,NIFTY 50,10670.95,10671.3,10562.35,10600.05,310191008,INR
22-11-2018,NIFTY 50,10612.65,10646.25,10512,10526.75,246927008,INR
26-11-2018,NIFTY 50,10568.3,10637.8,10489.75,10628.6,332863008,INR
27-11-2018,NIFTY 50,10621.45,10695.15,10596.35,10685.6,382833984,INR
28-11-2018,NIFTY 50,10708.75,10757.8,10699.85,10728.85,437627008,INR
29-11-2018,NIFTY 50,10808.7,10883.05,10782.35,10858.7,712651008,INR
30-11-2018,NIFTY 50,10892.1,10922.45,10835.1,10876.75,467856992,INR
03-12-2018,NIFTY 50,10930.7,10941.2,10845.35,10883.75,422359008,INR
04-12-2018,NIFTY 50,10877.1,10890.95,10833.35,10869.5,332136992,INR
05-12-2018,NIFTY 50,10820.45,10821.05,10747.95,10782.9,322020000,INR
06-12-2018,NIFTY 50,10718.15,10722.65,10588.25,10601.15,328275008,INR
07-12-2018,NIFTY 50,10644.8,10704.55,10599.35,10693.7,335849984,INR
10-12-2018,NIFTY 50,10508.7,10558.85,10474.95,10488.45,393096992,INR
11-12-2018,NIFTY 50,10350.05,10567.15,10333.85,10549.15,438699008,INR
12-12-2018,NIFTY 50,10591,10752.2,10560.8,10737.6,371696992,INR
13-12-2018,NIFTY 50,10810.75,10838.6,10749.5,10791.55,387809984,INR
14-12-2018,NIFTY 50,10784.5,10815.75,10752.1,10805.45,350579008,INR
17-12-2018,NIFTY 50,10853.2,10900.35,10844.85,10888.35,306145984,INR
18-12-2018,NIFTY 50,10850.9,10915.4,10819.1,10908.7,294942016,INR
19-12-2018,NIFTY 50,10930.55,10985.15,10928,10967.3,321801984,INR
20-12-2018,NIFTY 50,10885.2,10962.55,10880.05,10951.7,328803008,INR
21-12-2018,NIFTY 50,10944.25,10963.65,10738.65,10754,389235008,INR
24-12-2018,NIFTY 50,10780.9,10782.3,10649.25,10663.5,230291008,INR
26-12-2018,NIFTY 50,10635.45,10747.5,10534.55,10729.85,271943008,INR
27-12-2018,NIFTY 50,10817.9,10834.2,10764.45,10779.8,470160000,INR
28-12-2018,NIFTY 50,10820.95,10893.6,10817.15,10859.9,253087008,INR
31-12-2018,NIFTY 50,10913.2,10923.55,10853.2,10862.55,186495008,INR
01-01-2019,NIFTY 50,10881.7,10923.6,10807.1,10910.1,159404992,INR
02-01-2019,NIFTY 50,10868.85,10895.35,10735.05,10792.5,309665984,INR
03-01-2019,NIFTY 50,10796.8,10814.05,10661.25,10672.25,286241984,INR
04-01-2019,NIFTY 50,10699.7,10741.05,10628.65,10727.35,296596992,INR
07-01-2019,NIFTY 50,10804.85,10835.95,10750.15,10771.8,269371008,INR
08-01-2019,NIFTY 50,10786.25,10818.45,10733.25,10802.15,277697984,INR
09-01-2019,NIFTY 50,10862.4,10870.4,10749.4,10855.15,333011008,INR
10-01-2019,NIFTY 50,10859.35,10859.35,10801.8,10821.6,254364992,INR
11-01-2019,NIFTY 50,10834.75,10850.15,10739.4,10794.95,260792000,INR
14-01-2019,NIFTY 50,10807,10808,10692.35,10737.6,298774016,INR
15-01-2019,NIFTY 50,10777.55,10896.95,10777.55,10886.8,310736992,INR
16-01-2019,NIFTY 50,10899.65,10928.15,10876.9,10890.3,276539008,INR
17-01-2019,NIFTY 50,10920.85,10930.65,10844.65,10905.2,271676000,INR
18-01-2019,NIFTY 50,10914.85,10928.2,10852.2,10906.95,323814016,INR
21-01-2019,NIFTY 50,10919.35,10987.45,10885.75,10961.85,288828992,INR
22-01-2019,NIFTY 50,10949.8,10949.8,10864.15,10922.75,300768000,INR
23-01-2019,NIFTY 50,10931.05,10944.8,10811.95,10831.5,298876000,INR
24-01-2019,NIFTY 50,10844.05,10866.6,10798.65,10849.8,361081984,INR
25-01-2019,NIFTY 50,10859.75,10931.7,10756.45,10780.55,463444992,INR
28-01-2019,NIFTY 50,10792.45,10804.45,10630.95,10661.55,419683008,INR
29-01-2019,NIFTY 50,10653.7,10690.35,10583.65,10652.2,356908992,INR
30-01-2019,NIFTY 50,10702.25,10710.2,10612.85,10651.8,410108000,INR
31-01-2019,NIFTY 50,10690.55,10838.05,10678.55,10830.95,604817984,INR
01-02-2019,NIFTY 50,10851.35,10983.45,10813.45,10893.65,482272992,INR
04-02-2019,NIFTY 50,10876.75,10927.9,10814.15,10912.25,318300000,INR
05-02-2019,NIFTY 50,10908.65,10956.7,10886.7,10934.35,268095008,INR
06-02-2019,NIFTY 50,10965.1,11072.6,10962.7,11062.45,298510016,INR
07-02-2019,NIFTY 50,11070.45,11118.1,11043.6,11069.4,263544000,INR
08-02-2019,NIFTY 50,11023.5,11041.2,10925.45,10943.6,352787008,INR
11-02-2019,NIFTY 50,10930.9,10930.9,10857.1,10888.8,285984992,INR
12-02-2019,NIFTY 50,10879.7,10910.9,10823.8,10831.4,292315008,INR
13-02-2019,NIFTY 50,10870.55,10891.65,10772.1,10793.65,321959008,INR
14-02-2019,NIFTY 50,10786.1,10792.7,10718.75,10746.05,627041024,INR
15-02-2019,NIFTY 50,10780.25,10785.75,10620.4,10724.4,521876992,INR
18-02-2019,NIFTY 50,10738.65,10759.9,10628.4,10640.95,345440000,INR
19-02-2019,NIFTY 50,10636.7,10722.85,10585.65,10604.35,291507008,INR
20-02-2019,NIFTY 50,10655.45,10752.7,10646.4,10735.45,289195008,INR
21-02-2019,NIFTY 50,10744.1,10808.85,10721.5,10789.85,279584992,INR
22-02-2019,NIFTY 50,10782.7,10801.55,10758.4,10791.65,396847008,INR
25-02-2019,NIFTY 50,10813.25,10887.1,10788.05,10880.1,385904992,INR
26-02-2019,NIFTY 50,10775.3,10888.75,10729.3,10835.3,414953984,INR
27-02-2019,NIFTY 50,10881.2,10939.7,10751.2,10806.65,381080000,INR
28-02-2019,NIFTY 50,10865.7,10865.7,10784.85,10792.5,644158976,INR
01-03-2019,NIFTY 50,10842.65,10877.9,10823.1,10863.5,308526016,INR
05-03-2019,NIFTY 50,10864.85,10994.9,10817,10987.45,373220000,INR
06-03-2019,NIFTY 50,11024.85,11062.3,10998.85,11053,372551008,INR
07-03-2019,NIFTY 50,11077.95,11089.05,11027.1,11058.2,321208992,INR
08-03-2019,NIFTY 50,11038.85,11049,11008.95,11035.4,326569984,INR
11-03-2019,NIFTY 50,11068.75,11180.9,11059.85,11168.05,352241984,INR
12-03-2019,NIFTY 50,11231.35,11320.4,11227,11301.2,391311008,INR
13-03-2019,NIFTY 50,11326.2,11352.3,11276.6,11341.7,382996000,INR
14-03-2019,NIFTY 50,11382.5,11383.45,11313.75,11343.25,294480992,INR
15-03-2019,NIFTY 50,11376.85,11487,11370.8,11426.85,463704992,INR
18-03-2019,NIFTY 50,11473.85,11530.15,11412.5,11462.2,320249984,INR
19-03-2019,NIFTY 50,11500.3,11543.85,11451.25,11532.4,326100000,INR
20-03-2019,NIFTY 50,11553.35,11556.1,11503.1,11521.05,366297984,INR
22-03-2019,NIFTY 50,11549.2,11572.8,11434.55,11456.9,386193984,INR
25-03-2019,NIFTY 50,11395.65,11395.65,11311.6,11354.25,294459008,INR
26-03-2019,NIFTY 50,11375.2,11496.75,11352.45,11483.25,282575008,INR
27-03-2019,NIFTY 50,11531.45,11546.2,11413,11445.05,350446016,INR
28-03-2019,NIFTY 50,11463.65,11588.5,11452.45,11570,527679008,INR
29-03-2019,NIFTY 50,11625.45,11630.35,11570.15,11623.9,416276992,INR
01-04-2019,NIFTY 50,11665.2,11738.1,11644.75,11669.15,379572992,INR
02-04-2019,NIFTY 50,11711.55,11729.35,11655.85,11713.2,386131008,INR
03-04-2019,NIFTY 50,11735.3,11761,11629.15,11643.95,365760000,INR
04-04-2019,NIFTY 50,11660.2,11662.55,11559.2,11598,349030016,INR
05-04-2019,NIFTY 50,11638.4,11689.65,11609.5,11665.95,266666000,INR
08-04-2019,NIFTY 50,11704.35,11710.3,11549.1,11604.5,260932992,INR
09-04-2019,NIFTY 50,11612.05,11683.9,11569.7,11671.95,300468000,INR
10-04-2019,NIFTY 50,11646.85,11680.05,11571.75,11584.3,359940992,INR
11-04-2019,NIFTY 50,11592.55,11606.7,11550.55,11596.7,279776000,INR
12-04-2019,NIFTY 50,11612.85,11657.35,11578.8,11643.45,246006000,INR
15-04-2019,NIFTY 50,11667,11704.6,11648.25,11690.35,289996000,INR
16-04-2019,NIFTY 50,11736.2,11810.95,11731.55,11787.15,354315008,INR
18-04-2019,NIFTY 50,11856.15,11856.15,11738.5,11752.8,339654016,INR
22-04-2019,NIFTY 50,11727.05,11727.05,11583.95,11594.45,260356000,INR
23-04-2019,NIFTY 50,11612.95,11645.95,11564.8,11575.95,272544000,INR
24-04-2019,NIFTY 50,11601.5,11740.85,11578.85,11726.15,335196992,INR
25-04-2019,NIFTY 50,11735.7,11796.75,11624.3,11641.8,604360000,INR
26-04-2019,NIFTY 50,11683.75,11762.9,11661.75,11754.65,333484000,INR
30-04-2019,NIFTY 50,11748.75,11756.25,11655.9,11748.15,532631008,INR
02-05-2019,NIFTY 50,11725.55,11789.3,11699.55,11724.75,380278016,INR
03-05-2019,NIFTY 50,11722.6,11770.9,11699.35,11712.25,305520000,INR
06-05-2019,NIFTY 50,11605.8,11632.55,11571.35,11598.25,299046016,INR
07-05-2019,NIFTY 50,11651.5,11657.05,11484.45,11497.9,337496000,INR
08-05-2019,NIFTY 50,11478.7,11479.1,11346.95,11359.45,372825984,INR
09-05-2019,NIFTY 50,11322.4,11357.6,11255.05,11301.8,373028000,INR
10-05-2019,NIFTY 50,11314.15,11345.8,11251.05,11278.9,387323008,INR
13-05-2019,NIFTY 50,11258.7,11300.2,11125.6,11148.2,357585984,INR
14-05-2019,NIFTY 50,11151.65,11294.75,11108.3,11222.05,398123008,INR
15-05-2019,NIFTY 50,11271.7,11286.8,11136.95,11157,414174016,INR
16-05-2019,NIFTY 50,11180.35,11281.55,11143.35,11257.1,350735008,INR
17-05-2019,NIFTY 50,11261.9,11426.15,11259.85,11407.15,412108992,INR
20-05-2019,NIFTY 50,11651.9,11845.2,11591.7,11828.25,452096000,INR
21-05-2019,NIFTY 50,11863.65,11883.55,11682.8,11709.1,381038016,INR
22-05-2019,NIFTY 50,11727.95,11784.8,11682.4,11737.9,355871008,INR
23-05-2019,NIFTY 50,11901.3,12041.15,11614.5,11657.05,569030976,INR
24-05-2019,NIFTY 50,11748,11859,11658.1,11844.1,374636992,INR
27-05-2019,NIFTY 50,11855.5,11957.15,11812.4,11924.75,348356000,INR
28-05-2019,NIFTY 50,11958.35,11958.55,11864.9,11928.75,598307968,INR
29-05-2019,NIFTY 50,11905.8,11931.9,11836.8,11861.1,318068992,INR
30-05-2019,NIFTY 50,11865.3,11968.55,11859.4,11945.9,421200000,INR
31-05-2019,NIFTY 50,11999.8,12039.25,11829.45,11922.8,438880000,INR
03-06-2019,NIFTY 50,11953.75,12103.05,11920.1,12088.55,315300000,INR
04-06-2019,NIFTY 50,12052.65,12095.2,12005.85,12021.65,289220000,INR
06-06-2019,NIFTY 50,12039.8,12039.8,11830.25,11843.75,415209984,INR
07-06-2019,NIFTY 50,11865.2,11897.5,11769.5,11870.65,302460000,INR
10-06-2019,NIFTY 50,11934.9,11975.05,11871.75,11922.7,303329984,INR
11-06-2019,NIFTY 50,11959.85,12000.35,11904.35,11965.6,332180000,INR
12-06-2019,NIFTY 50,11962.45,11962.45,11866.35,11906.2,283720000,INR
13-06-2019,NIFTY 50,11873.9,11931.35,11817.05,11914.05,447900000,INR
14-06-2019,NIFTY 50,11910.1,11911.85,11797.7,11823.3,390300000,INR
17-06-2019,NIFTY 50,11844,11844.05,11657.75,11672.15,295529984,INR
18-06-2019,NIFTY 50,11677.05,11727.2,11641.15,11691.5,365529984,INR
19-06-2019,NIFTY 50,11744.45,11802.5,11625.1,11691.45,446929984,INR
20-06-2019,NIFTY 50,11653.65,11843.5,11635.05,11831.75,442020000,INR
21-06-2019,NIFTY 50,11827.6,11827.95,11705.1,11724.1,468430016,INR
24-06-2019,NIFTY 50,11725.8,11754,11670.2,11699.65,277620000,INR
25-06-2019,NIFTY 50,11681,11814.4,11651,11796.45,300480000,INR
26-06-2019,NIFTY 50,11768.15,11871.85,11757.55,11847.55,327889984,INR
27-06-2019,NIFTY 50,11860.85,11911.15,11821.05,11841.55,480169984,INR
28-06-2019,NIFTY 50,11861.15,11871.7,11775.5,11788.85,303889984,INR
01-07-2019,NIFTY 50,11839.9,11884.65,11830.8,11865.6,278420000,INR
02-07-2019,NIFTY 50,11890.3,11917.45,11814.7,11910.3,363200000,INR
03-07-2019,NIFTY 50,11932.15,11945.2,11887.05,11916.75,340529984,INR
04-07-2019,NIFTY 50,11928.8,11969.25,11923.65,11946.75,333600000,INR
05-07-2019,NIFTY 50,11964.75,11981.75,11797.9,11811.15,530720000,INR
08-07-2019,NIFTY 50,11770.4,11771.9,11523.3,11558.6,464030016,INR
09-07-2019,NIFTY 50,11531.6,11582.55,11461,11555.9,442520000,INR
10-07-2019,NIFTY 50,11536.15,11593.7,11475.65,11498.9,337569984,INR
11-07-2019,NIFTY 50,11561.45,11599,11519.5,11582.9,317260000,INR
12-07-2019,NIFTY 50,11601.15,11639.55,11538.6,11552.5,359420000,INR
15-07-2019,NIFTY 50,11614.75,11618.4,11532.3,11588.35,368790016,INR
16-07-2019,NIFTY 50,11596.65,11670.05,11573.95,11662.6,480160000,INR
17-07-2019,NIFTY 50,11670.75,11706.65,11651.15,11687.5,464830016,INR
18-07-2019,NIFTY 50,11675.6,11677.15,11582.4,11596.9,498260000,INR
19-07-2019,NIFTY 50,11627.95,11640.35,11399.3,11419.25,446049984,INR
22-07-2019,NIFTY 50,11392.85,11398.15,11301.25,11346.2,516040000,INR
23-07-2019,NIFTY 50,11372.25,11398.15,11302.8,11331.05,458929984,INR
24-07-2019,NIFTY 50,11322.45,11359.75,11229.8,11271.3,413200000,INR
25-07-2019,NIFTY 50,11290.4,11361.4,11239.35,11252.15,553680000,INR
26-07-2019,NIFTY 50,11247.45,11307.6,11210.05,11284.3,522670016,INR
29-07-2019,NIFTY 50,11307.5,11310.95,11152.4,11189.2,482860000,INR
30-07-2019,NIFTY 50,11213.7,11267.45,11072.65,11085.4,479060000,INR
31-07-2019,NIFTY 50,11034.05,11145.3,10999.4,11118,536689984,INR
01-08-2019,NIFTY 50,11060.2,11076.75,10881,10980,499920000,INR
02-08-2019,NIFTY 50,10930.3,11080.15,10848.95,10997.35,547420032,INR
05-08-2019,NIFTY 50,10895.8,10895.8,10782.6,10862.6,506560000,INR
06-08-2019,NIFTY 50,10815.4,11018.55,10813.8,10948.25,517889984,INR
07-08-2019,NIFTY 50,10958.1,10975.65,10835.9,10855.5,548470016,INR
08-08-2019,NIFTY 50,10899.2,11058.05,10842.95,11032.45,482470016,INR
09-08-2019,NIFTY 50,11087.9,11181.45,11062.8,11109.65,538060032,INR
13-08-2019,NIFTY 50,11139.4,11145.9,10901.6,10925.85,624640000,INR
14-08-2019,NIFTY 50,11003.25,11078.15,10935.6,11029.4,511540000,INR
16-08-2019,NIFTY 50,11043.65,11068.65,10924.3,11047.8,470910016,INR
19-08-2019,NIFTY 50,11094.8,11146.9,11037.85,11053.9,369489984,INR
20-08-2019,NIFTY 50,11063.9,11076.3,10985.3,11017,444720000,INR
21-08-2019,NIFTY 50,11018.15,11034.2,10906.65,10918.7,557870016,INR
22-08-2019,NIFTY 50,10905.3,10908.25,10718.3,10741.35,668190016,INR
23-08-2019,NIFTY 50,10699.6,10862.55,10637.15,10829.35,667080000,INR
26-08-2019,NIFTY 50,11000.3,11070.3,10756.55,11057.85,684140032,INR
27-08-2019,NIFTY 50,11106.55,11141.75,11049.5,11105.35,685550016,INR
28-08-2019,NIFTY 50,11101.3,11129.65,10987.65,11046.1,549960000,INR
29-08-2019,NIFTY 50,10996.05,11021.1,10922.4,10948.3,649880000,INR
30-08-2019,NIFTY 50,10987.8,11042.6,10874.8,11023.25,628150016,INR
03-09-2019,NIFTY 50,10960.95,10967.5,10772.7,10797.9,483040000,INR
04-09-2019,NIFTY 50,10790.4,10858.75,10746.35,10844.65,508780000,INR
05-09-2019,NIFTY 50,10860.95,10920.1,10816,10847.9,595699968,INR
06-09-2019,NIFTY 50,10883.8,10957.05,10867.45,10946.2,497209984,INR
09-09-2019,NIFTY 50,10936.7,11028.85,10889.8,11003.05,412470016,INR
11-09-2019,NIFTY 50,11028.5,11054.8,11011.65,11035.7,687139968,INR
12-09-2019,NIFTY 50,11058.3,11081.75,10964.95,10982.8,551440000,INR
13-09-2019,NIFTY 50,10986.8,11084.45,10945.75,11075.9,624310016,INR
16-09-2019,NIFTY 50,10994.85,11052.7,10968.2,11003.5,434449984,INR
17-09-2019,NIFTY 50,11000.1,11000.1,10796.5,10817.6,482009984,INR
18-09-2019,NIFTY 50,10872.8,10885.15,10804.85,10840.65,519160000,INR
19-09-2019,NIFTY 50,10845.2,10845.2,10670.25,10704.8,642600000,INR
20-09-2019,NIFTY 50,10746.8,11381.9,10691,11274.2,1356770048,INR
23-09-2019,NIFTY 50,11542.7,11694.85,11471.35,11600.2,882830016,INR
24-09-2019,NIFTY 50,11590.7,11655.05,11539.2,11588.2,651720000,INR
25-09-2019,NIFTY 50,11564.85,11564.95,11416.1,11440.2,629059968,INR
26-09-2019,NIFTY 50,11469.85,11610.85,11466.35,11571.2,844470016,INR
27-09-2019,NIFTY 50,11556.35,11593.6,11499.75,11512.4,650019968,INR
30-09-2019,NIFTY 50,11491.15,11508.25,11390.8,11474.45,756849984,INR
01-10-2019,NIFTY 50,11515.4,11554.2,11247.9,11359.9,1305420032,INR
03-10-2019,NIFTY 50,11322.25,11370.4,11257.35,11314,1017480000,INR
04-10-2019,NIFTY 50,11388.45,11400.3,11158.35,11174.75,928520000,INR
07-10-2019,NIFTY 50,11196.2,11233.85,11112.65,11126.4,733200000,INR
09-10-2019,NIFTY 50,11152.95,11321.6,11090.15,11313.3,741150016,INR
10-10-2019,NIFTY 50,11280.5,11293.35,11208.55,11234.55,562019968,INR
11-10-2019,NIFTY 50,11257.7,11362.9,11189.4,11305.05,737800000,INR
14-10-2019,NIFTY 50,11335.9,11420.45,11290.05,11341.15,587580032,INR
15-10-2019,NIFTY 50,11360.85,11462.35,11342.1,11428.3,527400000,INR
16-10-2019,NIFTY 50,11464.95,11481.05,11411.1,11464,533470016,INR
17-10-2019,NIFTY 50,11466.3,11599.1,11439.65,11586.35,797569984,INR
18-10-2019,NIFTY 50,11580.3,11684.7,11553.15,11661.85,853440000,INR
22-10-2019,NIFTY 50,11657.15,11714.35,11573.65,11588.35,867600000,INR
23-10-2019,NIFTY 50,11596.2,11651.6,11554.4,11604.1,664160000,INR
24-10-2019,NIFTY 50,11661.65,11679.6,11534.65,11582.6,700480000,INR
25-10-2019,NIFTY 50,11646.15,11646.9,11490.75,11583.9,812030016,INR
27-10-2019,NIFTY 50,11662.25,11672.4,11604.6,11627.15,161779008,INR
29-10-2019,NIFTY 50,11643.95,11809.4,11627.35,11786.85,951720000,INR
30-10-2019,NIFTY 50,11883.9,11883.95,11784.45,11844.1,725219968,INR
31-10-2019,NIFTY 50,11890.45,11945,11855.1,11877.45,1414840064,INR
01-11-2019,NIFTY 50,11886.6,11918.3,11843.35,11890.6,855340032,INR
04-11-2019,NIFTY 50,11928.9,11989.15,11905.35,11941.3,823049984,INR
05-11-2019,NIFTY 50,11974.6,11978.95,11861.9,11917.2,631950016,INR
06-11-2019,NIFTY 50,11911.5,12002.9,11850.25,11966.05,603350016,INR
07-11-2019,NIFTY 50,12021.1,12021.4,11946.85,12012.05,562960000,INR
08-11-2019,NIFTY 50,11987.15,12034.15,11888.75,11908.15,789249984,INR
11-11-2019,NIFTY 50,11879.2,11932.65,11853.95,11913.45,548979968,INR
13-11-2019,NIFTY 50,11908.3,11946.8,11823.2,11840.45,659040000,INR
14-11-2019,NIFTY 50,11858.75,11895.65,11802.65,11872.1,559489984,INR
15-11-2019,NIFTY 50,11904.2,11973.65,11879.25,11895.45,580150016,INR
18-11-2019,NIFTY 50,11915.15,11946.2,11867.6,11884.5,514350016,INR
19-11-2019,NIFTY 50,11919.45,11958.85,11881.75,11940.1,613910016,INR
20-11-2019,NIFTY 50,12004.75,12038.6,11966.05,11999.1,646659968,INR
21-11-2019,NIFTY 50,12025.65,12028.2,11956.9,11968.4,557689984,INR
22-11-2019,NIFTY 50,11967.3,11968.1,11883.5,11914.4,486820000,INR
25-11-2019,NIFTY 50,11922.45,12084.5,11919.75,12073.75,534289984,INR
26-11-2019,NIFTY 50,12110.2,12132.45,12006.35,12037.7,1201340032,INR
27-11-2019,NIFTY 50,12068.5,12114.9,12055.15,12100.7,584230016,INR
28-11-2019,NIFTY 50,12132.1,12158.8,12099.95,12151.15,620480000,INR
29-11-2019,NIFTY 50,12146.2,12147.4,12017.4,12056.05,804430016,INR
02-12-2019,NIFTY 50,12137.05,12137.15,12023.7,12048.2,720950016,INR
03-12-2019,NIFTY 50,12067.65,12068.6,11956.4,11994.2,605790016,INR
04-12-2019,NIFTY 50,11969.95,12054.7,11935.3,12043.2,747190016,INR
05-12-2019,NIFTY 50,12071.25,12081.2,11998.75,12018.4,562230016,INR
06-12-2019,NIFTY 50,12047.35,12057.05,11888.85,11921.5,609219968,INR
09-12-2019,NIFTY 50,11939.1,11981.95,11888.05,11937.5,599120000,INR
10-12-2019,NIFTY 50,11950.5,11953.2,11844.7,11856.8,650220032,INR
11-12-2019,NIFTY 50,11867.35,11923.2,11832.3,11910.15,997660032,INR
12-12-2019,NIFTY 50,11944.3,12005.5,11934,11971.8,752620032,INR
13-12-2019,NIFTY 50,12026.4,12098.85,12023.6,12086.7,597710016,INR
16-12-2019,NIFTY 50,12131.35,12134.65,12046.3,12053.95,437700000,INR
17-12-2019,NIFTY 50,12082.45,12182.75,12070.35,12165,499590016,INR
18-12-2019,NIFTY 50,12197,12237.7,12163.45,12221.65,518860000,INR
19-12-2019,NIFTY 50,12223.4,12268.35,12191.15,12259.7,623049984,INR
20-12-2019,NIFTY 50,12266.45,12293.9,12252.75,12271.8,810680000,INR
23-12-2019,NIFTY 50,12235.45,12287.15,12213.25,12262.75,604780032,INR
24-12-2019,NIFTY 50,12269.25,12283.7,12202.1,12214.55,470289984,INR
26-12-2019,NIFTY 50,12211.85,12221.55,12118.85,12126.55,520329984,INR
27-12-2019,NIFTY 50,12172.9,12258.45,12157.9,12245.8,383790016,INR
30-12-2019,NIFTY 50,12274.9,12286.45,12213.8,12255.85,411089984,INR
31-12-2019,NIFTY 50,12247.1,12247.1,12151.8,12168.45,426929984,INR
01-01-2020,NIFTY 50,12202.15,12222.2,12165.3,12182.5,304080000,INR
02-01-2020,NIFTY 50,12198.55,12289.9,12195.25,12282.2,407700000,INR
03-01-2020,NIFTY 50,12261.1,12265.6,12191.35,12226.65,428769984,INR
06-01-2020,NIFTY 50,12170.6,12179.1,11974.2,11993.05,396500000,INR
07-01-2020,NIFTY 50,12079.1,12152.15,12005.35,12052.95,447820000,INR
08-01-2020,NIFTY 50,11939.1,12044.95,11929.6,12025.35,445990016,INR
09-01-2020,NIFTY 50,12153.15,12224.05,12132.55,12215.9,477470016,INR
10-01-2020,NIFTY 50,12271,12311.2,12213.2,12256.8,660630016,INR
13-01-2020,NIFTY 50,12296.7,12337.75,12285.8,12329.55,500969984,INR
14-01-2020,NIFTY 50,12333.1,12374.25,12308.7,12362.3,616259968,INR
15-01-2020,NIFTY 50,12349.4,12355.15,12278.75,12343.3,684350016,INR
16-01-2020,NIFTY 50,12347.1,12389.05,12315.8,12355.5,395670016,INR
17-01-2020,NIFTY 50,12328.4,12385.45,12321.4,12352.35,502060000,INR
20-01-2020,NIFTY 50,12430.5,12430.5,12216.9,12224.55,491609984,INR
21-01-2020,NIFTY 50,12195.3,12230.05,12162.3,12169.85,443980000,INR
22-01-2020,NIFTY 50,12218.35,12225.05,12087.9,12106.9,526300000,INR
23-01-2020,NIFTY 50,12123.75,12189,12094.1,12180.35,867649984,INR
24-01-2020,NIFTY 50,12174.55,12272.15,12149.65,12248.25,593240000,INR
27-01-2020,NIFTY 50,12197.1,12216.6,12107,12119,441160000,INR
28-01-2020,NIFTY 50,12148.1,12163.55,12024.5,12055.8,478480000,INR
29-01-2020,NIFTY 50,12114.9,12169.6,12103.8,12129.5,514360000,INR
30-01-2020,NIFTY 50,12147.75,12150.3,12010.6,12035.8,538140032,INR
31-01-2020,NIFTY 50,12100.4,12103.55,11945.85,11962.1,771280000,INR
01-02-2020,NIFTY 50,11939,12017.35,11633.3,11661.85,537634752,INR
03-02-2020,NIFTY 50,11627.45,11749.85,11614.5,11707.9,669820032,INR
04-02-2020,NIFTY 50,11786.25,11986.15,11783.4,11979.65,560430016,INR
05-02-2020,NIFTY 50,12005.85,12098.15,11953.35,12089.15,758030016,INR
06-02-2020,NIFTY 50,12120,12160.6,12084.65,12137.95,565120000,INR
07-02-2020,NIFTY 50,12151.15,12154.7,12073.95,12098.35,473480000,INR
10-02-2020,NIFTY 50,12102.35,12103.55,11990.75,12031.5,524710016,INR
11-02-2020,NIFTY 50,12108.4,12172.3,12099,12107.9,479980000,INR
12-02-2020,NIFTY 50,12151,12231.75,12144.3,12201.2,411729984,INR
13-02-2020,NIFTY 50,12219.55,12225.65,12139.8,12174.65,501190016,INR
14-02-2020,NIFTY 50,12190.15,12246.7,12091.2,12113.45,622780032,INR
17-02-2020,NIFTY 50,12131.8,12159.6,12037,12045.8,455190016,INR
18-02-2020,NIFTY 50,12028.25,12030.75,11908.05,11992.5,676849984,INR
19-02-2020,NIFTY 50,12090.6,12134.7,12042.1,12125.9,513569984,INR
20-02-2020,NIFTY 50,12119,12152,12071.45,12080.85,502609984,INR
24-02-2020,NIFTY 50,12012.55,12012.55,11813.4,11829.4,490800000,INR
25-02-2020,NIFTY 50,11877.5,11883.05,11779.9,11797.9,461000000,INR
26-02-2020,NIFTY 50,11738.55,11783.25,11639.6,11678.5,567630016,INR
27-02-2020,NIFTY 50,11661.25,11663.85,11536.7,11633.3,608609984,INR
28-02-2020,NIFTY 50,11382,11384.8,11175.05,11201.75,809900032,INR
02-03-2020,NIFTY 50,11387.35,11433,11036.25,11132.75,680800000,INR
03-03-2020,NIFTY 50,11217.55,11342.25,11152.55,11303.3,696520000,INR
04-03-2020,NIFTY 50,11351.35,11356.6,11082.15,11251,797649984,INR
05-03-2020,NIFTY 50,11306.05,11389.5,11244.6,11269,1352489984,INR
06-03-2020,NIFTY 50,10942.65,11035.1,10827.4,10989.45,1810969984,INR
09-03-2020,NIFTY 50,10742.05,10751.55,10294.45,10451.45,1565510016,INR
11-03-2020,NIFTY 50,10334.3,10545.1,10334,10458.4,1218550016,INR
12-03-2020,NIFTY 50,10039.95,10040.75,9508,9590.15,1343490048,INR
13-03-2020,NIFTY 50,9107.6,10159.4,8555.15,9955.2,1387949952,INR
16-03-2020,NIFTY 50,9587.8,9602.2,9165.1,9197.4,897729984,INR
17-03-2020,NIFTY 50,9285.4,9403.8,8915.6,8967.05,935619968,INR
18-03-2020,NIFTY 50,9088.45,9127.55,8407.05,8468.8,1516630016,INR
19-03-2020,NIFTY 50,8063.3,8575.45,7832.55,8263.45,925720000,INR
20-03-2020,NIFTY 50,8284.45,8883,8178.2,8745.45,1071520000,INR
23-03-2020,NIFTY 50,7945.7,8159.25,7583.6,7610.25,653539968,INR
24-03-2020,NIFTY 50,7848.3,8036.95,7511.1,7801.05,738430016,INR
25-03-2020,NIFTY 50,7735.15,8376.75,7714.75,8317.85,736870016,INR
26-03-2020,NIFTY 50,8451,8749.05,8304.9,8641.45,865590016,INR
27-03-2020,NIFTY 50,8949.1,9038.9,8522.9,8660.25,801449984,INR
30-03-2020,NIFTY 50,8385.95,8576,8244,8281.1,593249984,INR
31-03-2020,NIFTY 50,8529.35,8678.3,8358,8597.75,712659968,INR
01-04-2020,NIFTY 50,8584.1,8588.1,8198.35,8253.8,506340000,INR
03-04-2020,NIFTY 50,8356.55,8356.55,8055.8,8083.8,697030016,INR
07-04-2020,NIFTY 50,8446.3,8819.4,8360.95,8792.2,814179968,INR
08-04-2020,NIFTY 50,8688.9,9131.7,8653.9,8748.75,896529984,INR
09-04-2020,NIFTY 50,8973.05,9128.35,8904.55,9111.9,742140032,INR
13-04-2020,NIFTY 50,9103.95,9112.05,8912.4,8993.85,643969984,INR
15-04-2020,NIFTY 50,9196.4,9261.2,8874.1,8925.3,879150016,INR
16-04-2020,NIFTY 50,8851.25,9053.75,8821.9,8992.8,719440000,INR
17-04-2020,NIFTY 50,9323.45,9324,9091.35,9266.75,684209984,INR
20-04-2020,NIFTY 50,9390.2,9390.85,9230.8,9261.85,726369984,INR
21-04-2020,NIFTY 50,9016.95,9044.4,8909.4,8981.45,655120000,INR
22-04-2020,NIFTY 50,9026.75,9209.75,8946.25,9187.3,734380032,INR
23-04-2020,NIFTY 50,9232.35,9343.6,9170.15,9313.9,666649984,INR
24-04-2020,NIFTY 50,9163.9,9296.9,9141.3,9154.4,659440000,INR
27-04-2020,NIFTY 50,9259.7,9377.1,9250.35,9282.3,512790016,INR
28-04-2020,NIFTY 50,9389.8,9404.4,9260,9380.9,614550016,INR
29-04-2020,NIFTY 50,9408.6,9599.85,9392.35,9553.35,653030016,INR
30-04-2020,NIFTY 50,9753.5,9889.05,9731.5,9859.9,931169984,INR
04-05-2020,NIFTY 50,9533.5,9533.5,9266.95,9293.5,687489984,INR
05-05-2020,NIFTY 50,9429.4,9450.9,9190.75,9205.6,725200000,INR
06-05-2020,NIFTY 50,9226.8,9346.9,9116.5,9270.9,722190016,INR
07-05-2020,NIFTY 50,9234.05,9277.85,9175.9,9199.05,708739968,INR
08-05-2020,NIFTY 50,9376.95,9382.65,9238.2,9251.5,609049984,INR
11-05-2020,NIFTY 50,9348.15,9439.9,9219.95,9239.2,704649984,INR
12-05-2020,NIFTY 50,9168.85,9240.85,9043.95,9196.55,805459968,INR
13-05-2020,NIFTY 50,9584.2,9584.5,9351.1,9383.55,846400000,INR
14-05-2020,NIFTY 50,9213.95,9281.1,9119.75,9142.75,602560000,INR
15-05-2020,NIFTY 50,9182.4,9182.4,9050,9136.85,575859968,INR
18-05-2020,NIFTY 50,9158.3,9158.3,8806.75,8823.25,772979968,INR
19-05-2020,NIFTY 50,8961.7,9030.35,8855.3,8879.1,762150016,INR
20-05-2020,NIFTY 50,8889.15,9093.8,8875.35,9066.55,622310016,INR
21-05-2020,NIFTY 50,9079.45,9178.55,9056.1,9106.25,631539968,INR
22-05-2020,NIFTY 50,9067.9,9149.6,8968.55,9039.25,675760000,INR
26-05-2020,NIFTY 50,9099.75,9161.65,8996.65,9029.05,654960000,INR
27-05-2020,NIFTY 50,9082.2,9334,9004.25,9314.95,763489984,INR
28-05-2020,NIFTY 50,9364.95,9511.25,9336.5,9490.1,837910016,INR
29-05-2020,NIFTY 50,9422.2,9598.85,9376.9,9580.3,967009984,INR
01-06-2020,NIFTY 50,9726.85,9931.6,9706.95,9826.15,794179968,INR
02-06-2020,NIFTY 50,9880.85,9995.6,9824.05,9979.1,770190016,INR
03-06-2020,NIFTY 50,10108.3,10176.2,10035.55,10061.55,794659968,INR
04-06-2020,NIFTY 50,10054.25,10123.85,9944.25,10029.1,775110016,INR
05-06-2020,NIFTY 50,10093.8,10177.8,10040.75,10142.15,987120000,INR
08-06-2020,NIFTY 50,10326.75,10328.5,10120.25,10167.45,936489984,INR
09-06-2020,NIFTY 50,10181.15,10291.15,10021.45,10046.65,754220032,INR
10-06-2020,NIFTY 50,10072.6,10148.75,10036.85,10116.15,632380032,INR
11-06-2020,NIFTY 50,10094.1,10112.05,9885.05,9902,715449984,INR
12-06-2020,NIFTY 50,9544.95,9996.05,9544.35,9972.9,796310016,INR
15-06-2020,NIFTY 50,9919.35,9943.35,9726.35,9813.7,716049984,INR
16-06-2020,NIFTY 50,10014.8,10046.15,9728.5,9914,899900032,INR
17-06-2020,NIFTY 50,9876.7,10003.6,9833.8,9881.15,685420032,INR
18-06-2020,NIFTY 50,9863.25,10111.2,9845.05,10091.65,622899968,INR
19-06-2020,NIFTY 50,10119,10272.4,10072.65,10244.4,892099968,INR
22-06-2020,NIFTY 50,10318.75,10393.65,10277.6,10311.2,685390016,INR
23-06-2020,NIFTY 50,10347.95,10484.7,10301.75,10471,669200000,INR
24-06-2020,NIFTY 50,10529.25,10553.15,10281.95,10305.3,854800000,INR
25-06-2020,NIFTY 50,10235.55,10361.8,10194.5,10288.9,994190016,INR
26-06-2020,NIFTY 50,10378.9,10409.85,10311.25,10383,671910016,INR
29-06-2020,NIFTY 50,10311.95,10337.95,10223.6,10312.4,574540032,INR
30-06-2020,NIFTY 50,10382.6,10401.05,10267.35,10302.1,556240000,INR
01-07-2020,NIFTY 50,10323.8,10447.05,10299.6,10430.05,573550016,INR
02-07-2020,NIFTY 50,10493.05,10598.2,10485.55,10551.7,597420032,INR
03-07-2020,NIFTY 50,10614.95,10631.3,10562.65,10607.35,525190016,INR
06-07-2020,NIFTY 50,10723.85,10811.4,10695.1,10763.65,571209984,INR
07-07-2020,NIFTY 50,10802.85,10813.8,10689.7,10799.65,636769984,INR
08-07-2020,NIFTY 50,10818.65,10847.85,10676.55,10705.75,767939968,INR
09-07-2020,NIFTY 50,10755.55,10836.85,10733,10813.45,618649984,INR
10-07-2020,NIFTY 50,10764.1,10819.4,10713,10768.05,590710016,INR
13-07-2020,NIFTY 50,10851.85,10894.05,10756.05,10802.7,554049984,INR
14-07-2020,NIFTY 50,10750.85,10755.65,10562.9,10607.35,532369984,INR
15-07-2020,NIFTY 50,10701,10827.45,10577.75,10618.2,715900032,INR
16-07-2020,NIFTY 50,10706.2,10755.3,10595.2,10739.95,694400000,INR
17-07-2020,NIFTY 50,10752,10933.45,10749.65,10901.7,676880000,INR
20-07-2020,NIFTY 50,10999.45,11037.9,10953,11022.2,554310016,INR
21-07-2020,NIFTY 50,11126.1,11179.55,11113.25,11162.25,772000000,INR
22-07-2020,NIFTY 50,11231.2,11238.1,11056.55,11132.6,765070016,INR
23-07-2020,NIFTY 50,11135,11239.8,11103.15,11215.45,621580032,INR
24-07-2020,NIFTY 50,11149.95,11225.4,11090.3,11194.15,678940032,INR
27-07-2020,NIFTY 50,11225,11225,11087.85,11131.8,588150016,INR
28-07-2020,NIFTY 50,11154.1,11317.75,11151.4,11300.55,683889984,INR
29-07-2020,NIFTY 50,11276.9,11341.4,11149.75,11202.85,600729984,INR
30-07-2020,NIFTY 50,11254.3,11299.95,11084.95,11102.15,677760000,INR
31-07-2020,NIFTY 50,11139.5,11150.4,11026.65,11073.45,642560000,INR
03-08-2020,NIFTY 50,11057.55,11058.05,10882.25,10891.6,680929984,INR
04-08-2020,NIFTY 50,10946.65,11112.25,10908.1,11095.25,625740032,INR
05-08-2020,NIFTY 50,11155.75,11225.65,11064.05,11101.65,667640000,INR
06-08-2020,NIFTY 50,11185.7,11256.8,11127.3,11200.15,600380032,INR
07-08-2020,NIFTY 50,11186.65,11231.9,11142.05,11214.05,452630016,INR
10-08-2020,NIFTY 50,11270.25,11337.3,11238,11270.15,492000000,INR
11-08-2020,NIFTY 50,11322.25,11373.6,11299.15,11322.5,586089984,INR
12-08-2020,NIFTY 50,11289,11322,11242.65,11308.4,609859968,INR
13-08-2020,NIFTY 50,11334.85,11359.3,11269.95,11300.45,562360000,INR
14-08-2020,NIFTY 50,11353.3,11366.25,11111.45,11178.4,645110016,INR
17-08-2020,NIFTY 50,11248.9,11267.1,11144.5,11247.1,633960000,INR
18-08-2020,NIFTY 50,11259.8,11401.7,11253.15,11385.35,579240000,INR
19-08-2020,NIFTY 50,11452.15,11460.35,11394.1,11408.4,626220032,INR
20-08-2020,NIFTY 50,11317.45,11361.45,11289.8,11312.2,791590016,INR
21-08-2020,NIFTY 50,11409.65,11418.5,11362.2,11371.6,668720000,INR
24-08-2020,NIFTY 50,11412,11497.25,11410.65,11466.45,532900000,INR
25-08-2020,NIFTY 50,11513.1,11525.9,11423.35,11472.25,638150016,INR
26-08-2020,NIFTY 50,11512.85,11561.75,11461.85,11549.6,743440000,INR
27-08-2020,NIFTY 50,11609.3,11617.35,11540.6,11559.25,719779968,INR
28-08-2020,NIFTY 50,11602.95,11686.05,11589.4,11647.6,807000000,INR
31-08-2020,NIFTY 50,11777.55,11794.25,11325.85,11387.5,1371789952,INR
01-09-2020,NIFTY 50,11464.3,11553.55,11366.9,11470.25,783769984,INR
02-09-2020,NIFTY 50,11478.55,11554.75,11430.4,11535,593489984,INR
03-09-2020,NIFTY 50,11566.2,11584.95,11507.65,11527.45,607120000,INR
04-09-2020,NIFTY 50,11354.4,11452.05,11303.65,11333.85,681340032,INR
07-09-2020,NIFTY 50,11359.6,11381.15,11251.7,11355.05,560320000,INR
08-09-2020,NIFTY 50,11378.55,11437.25,11290.45,11317.35,572240000,INR
09-09-2020,NIFTY 50,11218.6,11298.15,11185.15,11278,728880000,INR
10-09-2020,NIFTY 50,11363.3,11464.05,11327.4,11449.25,679420032,INR
11-09-2020,NIFTY 50,11447.8,11493.5,11419.9,11464.45,554790016,INR
14-09-2020,NIFTY 50,11540.15,11568.9,11383.55,11440.05,642270016,INR
15-09-2020,NIFTY 50,11487.2,11535.95,11442.25,11521.8,506670016,INR
16-09-2020,NIFTY 50,11538.45,11618.1,11516.75,11604.55,527809984,INR
17-09-2020,NIFTY 50,11539.4,11587.2,11498.5,11516.1,517729984,INR
18-09-2020,NIFTY 50,11584.1,11584.1,11446.1,11504.95,764150016,INR
21-09-2020,NIFTY 50,11503.8,11535.25,11218.5,11250.55,602849984,INR
22-09-2020,NIFTY 50,11301.75,11302.2,11084.65,11153.65,672249984,INR
23-09-2020,NIFTY 50,11258.75,11259.55,11024.4,11131.85,714929984,INR
24-09-2020,NIFTY 50,11011,11015.3,10790.2,10805.55,706140032,INR
25-09-2020,NIFTY 50,10910.4,11072.6,10854.85,11050.25,559600000,INR
28-09-2020,NIFTY 50,11140.85,11239.35,11099.85,11227.55,472780000,INR
29-09-2020,NIFTY 50,11288.6,11305.4,11181,11222.4,498300000,INR
30-09-2020,NIFTY 50,11244.45,11295.4,11184.55,11247.55,499340000,INR
01-10-2020,NIFTY 50,11364.45,11428.6,11347.05,11416.95,447740000,INR
05-10-2020,NIFTY 50,11487.8,11578.05,11452.3,11503.35,530600000,INR
06-10-2020,NIFTY 50,11603.45,11680.3,11564.3,11662.4,561449984,INR
07-10-2020,NIFTY 50,11679.25,11763.05,11629.35,11738.85,513369984,INR
08-10-2020,NIFTY 50,11835.4,11905.7,11791.15,11834.6,608769984,INR
09-10-2020,NIFTY 50,11852.05,11938.6,11805.2,11914.2,611080000,INR
12-10-2020,NIFTY 50,11973.55,12022.05,11867.2,11930.95,522630016,INR
13-10-2020,NIFTY 50,11934.65,11988.2,11888.9,11934.5,458310016,INR
14-10-2020,NIFTY 50,11917.4,11997.2,11822.15,11971.05,569249984,INR
15-10-2020,NIFTY 50,12023.45,12025.45,11661.3,11680.35,608870016,INR
16-10-2020,NIFTY 50,11727.4,11789.75,11667.85,11762.45,555769984,INR
19-10-2020,NIFTY 50,11879.2,11898.25,11820.4,11873.05,541420032,INR
20-10-2020,NIFTY 50,11861,11949.25,11837.25,11896.8,453560000,INR
21-10-2020,NIFTY 50,11958.55,12018.65,11775.75,11937.65,623660032,INR
22-10-2020,NIFTY 50,11890,11939.55,11823.45,11896.45,544899968,INR
23-10-2020,NIFTY 50,11957.9,11974.55,11908.75,11930.35,502340000,INR
26-10-2020,NIFTY 50,11937.4,11942.85,11711.7,11767.75,519820000,INR
27-10-2020,NIFTY 50,11807.1,11899.05,11723,11889.4,616320000,INR
28-10-2020,NIFTY 50,11922.6,11929.4,11684.85,11729.6,704019968,INR
29-10-2020,NIFTY 50,11633.3,11744.15,11606.45,11670.8,554960000,INR
30-10-2020,NIFTY 50,11678.45,11748.95,11535.45,11642.4,553670016,INR
02-11-2020,NIFTY 50,11697.35,11725.65,11557.4,11669.15,568430016,INR
03-11-2020,NIFTY 50,11734.45,11836.2,11723.3,11813.5,674300032,INR
04-11-2020,NIFTY 50,11783.35,11929.65,11756.4,11908.5,667289984,INR
05-11-2020,NIFTY 50,12062.4,12131.1,12027.6,12120.3,632460032,INR
06-11-2020,NIFTY 50,12156.65,12280.4,12131.85,12263.55,576840000,INR
09-11-2020,NIFTY 50,12399.4,12474.05,12367.35,12461.05,553449984,INR
10-11-2020,NIFTY 50,12556.4,12643.9,12475.25,12631.1,847449984,INR
11-11-2020,NIFTY 50,12680.6,12769.75,12571.1,12749.15,880480000,INR
12-11-2020,NIFTY 50,12702.15,12741.15,12624.85,12690.8,622019968,INR
13-11-2020,NIFTY 50,12659.7,12735.95,12607.7,12719.95,513950016,INR
14-11-2020,NIFTY 50,12823.35,12828.7,12749.45,12780.25,107868000,INR
17-11-2020,NIFTY 50,12932.5,12934.05,12797.1,12874.2,707680000,INR
18-11-2020,NIFTY 50,12860.1,12948.85,12819.35,12938.25,731320000,INR
19-11-2020,NIFTY 50,12839.5,12963,12745.75,12771.7,768750016,INR
20-11-2020,NIFTY 50,12813.4,12892.45,12730.25,12859.05,664000000,INR
23-11-2020,NIFTY 50,12960.3,12968.85,12825.7,12926.45,633120000,INR
24-11-2020,NIFTY 50,13002.6,13079.1,12978,13055.15,571870016,INR
25-11-2020,NIFTY 50,13130,13145.85,12833.65,12858.4,679009984,INR
26-11-2020,NIFTY 50,12906.45,13018,12790.4,12987,549800000,INR
27-11-2020,NIFTY 50,13012.05,13035.3,12914.3,12968.95,1162360064,INR
01-12-2020,NIFTY 50,13062.2,13128.4,12962.8,13109.05,583630016,INR
02-12-2020,NIFTY 50,13121.4,13128.5,12983.55,13113.75,717710016,INR
03-12-2020,NIFTY 50,13215.3,13216.6,13107.9,13133.9,713689984,INR
04-12-2020,NIFTY 50,13177.4,13280.05,13152.85,13258.55,640510016,INR
07-12-2020,NIFTY 50,13264.85,13366.65,13241.95,13355.75,591720000,INR
08-12-2020,NIFTY 50,13393.85,13435.45,13311.05,13392.95,543169984,INR
09-12-2020,NIFTY 50,13458.1,13548.9,13449.6,13529.1,502609984,INR
10-12-2020,NIFTY 50,13488.5,13503.55,13399.3,13478.3,553400000,INR
11-12-2020,NIFTY 50,13512.3,13579.35,13402.85,13513.85,787710016,INR
14-12-2020,NIFTY 50,13571.45,13597.5,13472.45,13558.15,558390016,INR
15-12-2020,NIFTY 50,13547.2,13589.65,13447.05,13567.85,497600000,INR
16-12-2020,NIFTY 50,13663.1,13692.35,13606.45,13682.7,462150016,INR
17-12-2020,NIFTY 50,13713.55,13773.25,13673.55,13740.7,416009984,INR
18-12-2020,NIFTY 50,13764.4,13772.85,13658.6,13760.55,519390016,INR
21-12-2020,NIFTY 50,13741.9,13777.5,13131.45,13328.4,687260032,INR
22-12-2020,NIFTY 50,13373.65,13492.05,13192.9,13466.3,696200000,INR
23-12-2020,NIFTY 50,13473.5,13619.45,13432.2,13601.1,458649984,INR
24-12-2020,NIFTY 50,13672.15,13771.75,13626.9,13749.25,471369984,INR
28-12-2020,NIFTY 50,13815.15,13885.3,13811.55,13873.2,403630016,INR
29-12-2020,NIFTY 50,13910.35,13967.6,13859.9,13932.6,439590016,INR
30-12-2020,NIFTY 50,13980.9,13997,13864.95,13981.95,380680000,INR
31-12-2020,NIFTY 50,13970,14024.85,13936.45,13981.75,452409984,INR
01-01-2021,NIFTY 50,13996.1,14049.85,13991.35,14018.5,258090000,INR
04-01-2021,NIFTY 50,14104.35,14147.95,13953.75,14132.9,495000000,INR
05-01-2021,NIFTY 50,14075.15,14215.6,14048.15,14199.5,492480000,INR
06-01-2021,NIFTY 50,14240.95,14244.15,14039.9,14146.25,632320000,INR
07-01-2021,NIFTY 50,14253.75,14256.25,14123.1,14137.35,559169984,INR
08-01-2021,NIFTY 50,14258.4,14367.3,14221.65,14347.25,613470016,INR
11-01-2021,NIFTY 50,14474.05,14498.2,14383.1,14484.75,672880000,INR
12-01-2021,NIFTY 50,14473.8,14590.65,14432.85,14563.45,929569984,INR
13-01-2021,NIFTY 50,14639.8,14653.35,14435.7,14564.85,873960000,INR
14-01-2021,NIFTY 50,14550.05,14617.8,14471.5,14595.6,620190016,INR
15-01-2021,NIFTY 50,14594.35,14617.45,14357.85,14433.7,789560000,INR
18-01-2021,NIFTY 50,14453.3,14459.15,14222.8,14281.3,762040000,INR
19-01-2021,NIFTY 50,14371.65,14546.05,14350.85,14521.15,546110016,INR
20-01-2021,NIFTY 50,14538.3,14666.45,14517.55,14644.7,623070016,INR
21-01-2021,NIFTY 50,14730.95,14753.55,14517.25,14590.35,704649984,INR
22-01-2021,NIFTY 50,14583.4,14619.9,14357.75,14371.9,776750016,INR
25-01-2021,NIFTY 50,14477.8,14491.1,14218.6,14238.9,618630016,INR
27-01-2021,NIFTY 50,14237.95,14237.95,13929.3,13967.5,660710016,INR
28-01-2021,NIFTY 50,13810.4,13898.25,13713.25,13817.55,637870016,INR
29-01-2021,NIFTY 50,13946.6,13966.85,13596.75,13634.6,753209984,INR
01-02-2021,NIFTY 50,13758.6,14336.35,13661.75,14281.2,870529984,INR
02-02-2021,NIFTY 50,14481.1,14731.7,14469.15,14647.85,914969984,INR
03-02-2021,NIFTY 50,14754.9,14868.85,14574.15,14789.95,869480000,INR
04-02-2021,NIFTY 50,14789.05,14913.7,14714.75,14895.65,884689984,INR
05-02-2021,NIFTY 50,14952.6,15014.65,14864.75,14924.25,935630016,INR
08-02-2021,NIFTY 50,15064.3,15159.9,15041.05,15115.8,671240000,INR
09-02-2021,NIFTY 50,15164.15,15257.1,15064.3,15109.3,713280000,INR
10-02-2021,NIFTY 50,15119.05,15168.25,14977.2,15106.5,624790016,INR
11-02-2021,NIFTY 50,15073.25,15188.5,15065.4,15173.3,500120000,INR
12-02-2021,NIFTY 50,15186.2,15243.5,15081,15163.3,571809984,INR
15-02-2021,NIFTY 50,15270.3,15340.15,15243.4,15314.7,455960000,INR
16-02-2021,NIFTY 50,15371.45,15431.75,15242.2,15313.45,648550016,INR
17-02-2021,NIFTY 50,15279.9,15314.3,15170.75,15208.9,504769984,INR
18-02-2021,NIFTY 50,15238.7,15250.75,15078.05,15118.95,770630016,INR
19-02-2021,NIFTY 50,15074.8,15144.05,14898.2,14981.75,712209984,INR
22-02-2021,NIFTY 50,14999.05,15010.1,14635.05,14675.7,609900032,INR
23-02-2021,NIFTY 50,14782.25,14854.5,14651.85,14707.8,744089984,INR
24-02-2021,NIFTY 50,14729.15,15008.8,14723.05,14982,403750016,INR
25-02-2021,NIFTY 50,15079.85,15176.5,15065.35,15097.35,803880000,INR
26-02-2021,NIFTY 50,14888.6,14919.45,14467.75,14529.15,1103640064,INR
01-03-2021,NIFTY 50,14702.5,14806.8,14638.55,14761.55,507300000,INR
02-03-2021,NIFTY 50,14865.3,14959.1,14760.8,14919.1,621720000,INR
03-03-2021,NIFTY 50,15064.4,15273.15,14995.8,15245.6,544209984,INR
04-03-2021,NIFTY 50,15026.75,15202.35,14980.2,15080.75,534849984,INR
05-03-2021,NIFTY 50,14977.95,15092.35,14862.1,14938.1,640700032,INR
08-03-2021,NIFTY 50,15002.45,15111.15,14919.9,14956.2,580310016,INR
09-03-2021,NIFTY 50,15049.9,15126.85,14925.45,15098.4,675270016,INR
10-03-2021,NIFTY 50,15202.15,15218.45,15100.85,15174.8,404590016,INR
12-03-2021,NIFTY 50,15321.15,15336.3,14953.6,15030.95,493240000,INR
15-03-2021,NIFTY 50,15048.4,15048.4,14745.85,14929.5,467470016,INR
16-03-2021,NIFTY 50,14996.1,15051.6,14890.65,14910.45,437649984,INR
17-03-2021,NIFTY 50,14946.55,14956.55,14696.05,14721.3,479350016,INR
18-03-2021,NIFTY 50,14855.5,14875.2,14478.6,14557.85,542220032,INR
19-03-2021,NIFTY 50,14471.15,14788.25,14350.1,14744,919180032,INR
22-03-2021,NIFTY 50,14736.3,14763.9,14597.85,14736.4,459000000,INR
23-03-2021,NIFTY 50,14768.55,14878.6,14707,14814.75,474150016,INR
24-03-2021,NIFTY 50,14712.45,14752.35,14535,14549.4,456400000,INR
25-03-2021,NIFTY 50,14570.9,14575.6,14264.4,14324.9,606819968,INR
26-03-2021,NIFTY 50,14506.3,14572.9,14414.25,14507.3,481000000,INR
30-03-2021,NIFTY 50,14628.5,14876.3,14617.6,14845.1,594520000,INR
31-03-2021,NIFTY 50,14811.85,14813.75,14670.25,14690.7,436870016,INR
01-04-2021,NIFTY 50,14798.4,14883.2,14692.45,14867.35,430030016,INR
05-04-2021,NIFTY 50,14837.7,14849.85,14459.5,14637.8,500480000,INR
06-04-2021,NIFTY 50,14737,14779.1,14573.9,14683.5,474209984,INR
07-04-2021,NIFTY 50,14716.45,14879.8,14649.85,14819.05,476380000,INR
08-04-2021,NIFTY 50,14875.65,14984.15,14821.1,14873.8,503729984,INR
09-04-2021,NIFTY 50,14882.65,14918.45,14785.65,14834.85,498350016,INR
12-04-2021,NIFTY 50,14644.65,14652.5,14248.7,14310.8,638480000,INR
13-04-2021,NIFTY 50,14364.9,14528.9,14274.9,14504.8,588670016,INR
15-04-2021,NIFTY 50,14522.4,14597.55,14353.2,14581.45,556849984,INR
16-04-2021,NIFTY 50,14599.6,14697.7,14559,14617.85,568569984,INR
19-04-2021,NIFTY 50,14306.6,14382.3,14191.4,14359.45,503140000,INR
20-04-2021,NIFTY 50,14526.7,14526.95,14207.3,14296.4,456700000,INR
22-04-2021,NIFTY 50,14219.15,14424.75,14151.4,14406.15,516990016,INR
23-04-2021,NIFTY 50,14326.35,14461.15,14273.3,14341.35,476609984,INR
26-04-2021,NIFTY 50,14449.45,14557.5,14421.3,14485,448529984,INR
27-04-2021,NIFTY 50,14493.8,14667.55,14484.85,14653.05,442209984,INR
28-04-2021,NIFTY 50,14710.5,14890.25,14694.95,14864.55,453990016,INR
29-04-2021,NIFTY 50,14979,15044.35,14814.45,14894.9,511470016,INR
30-04-2021,NIFTY 50,14747.35,14855.45,14601.7,14631.1,594739968,INR
03-05-2021,NIFTY 50,14481.05,14673.85,14416.25,14634.15,443409984,INR
04-05-2021,NIFTY 50,14687.25,14723.4,14461.5,14496.5,479660000,INR
05-05-2021,NIFTY 50,14604.15,14637.9,14506.6,14617.85,437260000,INR
06-05-2021,NIFTY 50,14668.35,14743.9,14611.5,14724.8,445280000,INR
07-05-2021,NIFTY 50,14816.85,14863.05,14765.5,14823.15,483680000,INR
10-05-2021,NIFTY 50,14928.25,14966.9,14892.5,14942.35,510600000,INR
11-05-2021,NIFTY 50,14789.7,14900,14771.4,14850.75,616200000,INR
12-05-2021,NIFTY 50,14823.55,14824.05,14649.7,14696.5,620320000,INR
14-05-2021,NIFTY 50,14749.4,14749.65,14591.9,14677.8,602739968,INR
17-05-2021,NIFTY 50,14756.25,14938,14725.35,14923.15,534520000,INR
18-05-2021,NIFTY 50,15067.2,15137.25,15043.7,15108.1,571920000,INR
19-05-2021,NIFTY 50,15058.6,15133.4,15008.85,15030.15,563289984,INR
20-05-2021,NIFTY 50,15042.6,15069.8,14884.9,14906.05,467460000,INR
21-05-2021,NIFTY 50,14987.8,15190,14985.85,15175.3,557729984,INR
24-05-2021,NIFTY 50,15211.35,15256.25,15145.45,15197.7,566720000,INR
25-05-2021,NIFTY 50,15291.75,15293.85,15163.4,15208.45,417320000,INR
26-05-2021,NIFTY 50,15257.05,15319.9,15194.95,15301.45,377680000,INR
27-05-2021,NIFTY 50,15323.95,15384.55,15272.5,15337.85,682369984,INR
28-05-2021,NIFTY 50,15421.2,15469.65,15394.75,15435.65,455580000,INR
31-05-2021,NIFTY 50,15437.75,15606.35,15374,15582.8,436000000,INR
01-06-2021,NIFTY 50,15629.65,15660.75,15528.3,15574.85,409560000,INR
02-06-2021,NIFTY 50,15520.35,15597.45,15459.85,15576.2,428640000,INR
03-06-2021,NIFTY 50,15655.55,15705.1,15611,15690.35,410240000,INR
04-06-2021,NIFTY 50,15712.5,15733.6,15622.35,15670.25,414160000,INR
07-06-2021,NIFTY 50,15725.1,15773.45,15678.1,15751.65,393969984,INR
08-06-2021,NIFTY 50,15773.9,15778.8,15680,15740.1,378160000,INR
09-06-2021,NIFTY 50,15766.3,15800.45,15566.9,15635.35,457860000,INR
10-06-2021,NIFTY 50,15692.1,15751.25,15648.5,15737.75,298300000,INR
11-06-2021,NIFTY 50,15796.45,15835.55,15749.8,15799.35,363009984,INR
14-06-2021,NIFTY 50,15791.4,15823.05,15606.5,15811.85,392860000,INR
15-06-2021,NIFTY 50,15866.95,15901.6,15842.4,15869.25,323260000,INR
16-06-2021,NIFTY 50,15847.5,15880.85,15742.6,15767.55,340190016,INR
17-06-2021,NIFTY 50,15648.3,15769.35,15616.75,15691.4,357649984,INR
18-06-2021,NIFTY 50,15756.5,15761.5,15450.9,15683.35,640819968,INR
21-06-2021,NIFTY 50,15525.85,15765.15,15505.65,15746.5,351529984,INR
22-06-2021,NIFTY 50,15840.5,15895.75,15752.1,15772.75,322240000,INR
23-06-2021,NIFTY 50,15862.8,15862.95,15673.95,15686.95,287540000,INR
24-06-2021,NIFTY 50,15737.3,15821.4,15702.7,15790.45,316660000,INR
25-06-2021,NIFTY 50,15839.35,15870.8,15772.3,15860.35,314609984,INR
28-06-2021,NIFTY 50,15915.35,15915.65,15792.15,15814.7,255100000,INR
29-06-2021,NIFTY 50,15807.5,15835.9,15724.05,15748.45,360329984,INR
30-06-2021,NIFTY 50,15776.9,15839.1,15708.75,15721.5,262390000,INR
01-07-2021,NIFTY 50,15755.05,15755.55,15667.05,15680,224920000,INR
02-07-2021,NIFTY 50,15705.85,15738.35,15635.95,15722.2,254810000,INR
05-07-2021,NIFTY 50,15793.4,15845.95,15762.05,15834.35,207030000,INR
06-07-2021,NIFTY 50,15813.75,15914.2,15801,15818.25,391409984,INR
07-07-2021,NIFTY 50,15819.6,15893.55,15779.7,15879.65,329310016,INR
08-07-2021,NIFTY 50,15855.4,15885.75,15682.9,15727.9,307929984,INR
09-07-2021,NIFTY 50,15688.25,15730.85,15632.75,15689.8,243250000,INR
12-07-2021,NIFTY 50,15766.8,15789.2,15644.75,15692.6,216270000,INR
13-07-2021,NIFTY 50,15794,15820.8,15744.6,15812.35,246680000,INR
14-07-2021,NIFTY 50,15808.7,15877.35,15764.2,15853.95,239920000,INR
15-07-2021,NIFTY 50,15872.15,15952.35,15855,15924.2,284849984,INR
16-07-2021,NIFTY 50,15958.35,15962.25,15882.6,15923.4,276300000,INR
19-07-2021,NIFTY 50,15754.5,15836.9,15707.5,15752.4,242130000,INR
20-07-2021,NIFTY 50,15703.95,15728.45,15578.55,15632.1,274280000,INR
22-07-2021,NIFTY 50,15736.6,15834.8,15726.4,15824.05,265250000,INR
23-07-2021,NIFTY 50,15856.8,15899.8,15768.4,15856.05,294100000,INR
26-07-2021,NIFTY 50,15849.3,15893.35,15797,15824.45,267080000,INR
27-07-2021,NIFTY 50,15860.5,15881.55,15701,15746.45,311009984,INR
28-07-2021,NIFTY 50,15761.55,15767.5,15513.45,15709.4,318600000,INR
29-07-2021,NIFTY 50,15762.7,15817.35,15737.8,15778.45,401580000,INR
30-07-2021,NIFTY 50,15800.6,15862.8,15744.85,15763.05,400020000,INR
02-08-2021,NIFTY 50,15874.9,15892.9,15834.65,15885.15,244850000,INR
03-08-2021,NIFTY 50,15951.55,16146.9,15914.35,16130.75,341289984,INR
04-08-2021,NIFTY 50,16195.25,16290.2,16176.15,16258.8,427340000,INR
05-08-2021,NIFTY 50,16288.95,16349.45,16210.3,16294.6,418169984,INR
06-08-2021,NIFTY 50,16304.4,16336.75,16223.3,16238.2,320089984,INR
09-08-2021,NIFTY 50,16281.35,16320.75,16179.05,16258.25,240450000,INR
10-08-2021,NIFTY 50,16274.8,16359.25,16202.25,16280.1,287990016,INR
11-08-2021,NIFTY 50,16327.3,16338.75,16162.55,16282.25,277900000,INR
12-08-2021,NIFTY 50,16303.65,16375.5,16286.9,16364.4,280180000,INR
13-08-2021,NIFTY 50,16385.7,16543.6,16376.3,16529.1,321870016,INR
16-08-2021,NIFTY 50,16518.4,16589.4,16480.75,16563.05,254050000,INR
17-08-2021,NIFTY 50,16545.25,16628.55,16495.4,16614.6,297390016,INR
18-08-2021,NIFTY 50,16691.95,16701.85,16535.85,16568.85,251800000,INR
20-08-2021,NIFTY 50,16382.5,16509.55,16376.05,16450.5,350820000,INR
23-08-2021,NIFTY 50,16592.25,16592.5,16395.7,16496.45,275600000,INR
24-08-2021,NIFTY 50,16561.4,16647.1,16495.3,16624.6,275360000,INR
25-08-2021,NIFTY 50,16654,16712.45,16617.5,16634.65,265920000,INR
26-08-2021,NIFTY 50,16627.95,16683.7,16603.4,16636.9,253530000,INR
27-08-2021,NIFTY 50,16642.55,16722.05,16565.6,16705.2,217410000,INR
30-08-2021,NIFTY 50,16775.85,16951.5,16764.85,16931.05,283480000,INR
31-08-2021,NIFTY 50,16947.5,17153.5,16915.85,17132.2,464390016,INR
01-09-2021,NIFTY 50,17185.6,17225.75,17055.05,17076.25,301889984,INR
02-09-2021,NIFTY 50,17095.4,17245.5,17059.7,17234.15,242380000,INR
03-09-2021,NIFTY 50,17262.45,17340.1,17212.2,17323.6,261370000,INR
06-09-2021,NIFTY 50,17399.35,17429.55,17345.55,17377.8,228050000,INR
07-09-2021,NIFTY 50,17401.55,17436.5,17287,17362.1,243420000,INR
08-09-2021,NIFTY 50,17375.75,17383.4,17254.2,17353.5,252650000,INR
09-09-2021,NIFTY 50,17312.85,17379.65,17302.7,17369.25,241510000,INR
13-09-2021,NIFTY 50,17363.55,17378.35,17269.15,17355.3,241050000,INR
14-09-2021,NIFTY 50,17420.35,17438.55,17367.05,17380,230350000,INR
15-09-2021,NIFTY 50,17387.65,17532.7,17386.9,17519.45,388190016,INR
16-09-2021,NIFTY 50,17539.2,17644.6,17510.45,17629.5,503310016,INR
17-09-2021,NIFTY 50,17709.65,17792.95,17537.65,17585.15,508289984,INR
20-09-2021,NIFTY 50,17443.85,17622.75,17361.8,17396.9,339100000,INR
21-09-2021,NIFTY 50,17450.5,17578.35,17326.1,17562,363580000,INR
22-09-2021,NIFTY 50,17580.9,17610.45,17524,17546.65,295190016,INR
23-09-2021,NIFTY 50,17670.85,17843.9,17646.55,17822.95,320510016,INR
24-09-2021,NIFTY 50,17897.45,17947.65,17819.4,17853.2,360129984,INR
27-09-2021,NIFTY 50,17932.2,17943.5,17802.9,17855.1,295710016,INR
28-09-2021,NIFTY 50,17906.45,17912.85,17576.1,17748.6,398000000,INR
29-09-2021,NIFTY 50,17657.95,17781.75,17608.15,17711.3,562240000,INR
30-09-2021,NIFTY 50,17718.9,17742.15,17585.35,17618.15,378590016,INR
01-10-2021,NIFTY 50,17531.9,17557.15,17452.9,17532.05,305760000,INR
04-10-2021,NIFTY 50,17615.55,17750.9,17581.35,17691.25,295760000,INR
05-10-2021,NIFTY 50,17661.35,17833.45,17640.9,17822.3,427000000,INR
06-10-2021,NIFTY 50,17861.5,17884.6,17613.15,17646,395830016,INR
07-10-2021,NIFTY 50,17810.55,17857.55,17763.8,17790.35,419889984,INR
08-10-2021,NIFTY 50,17886.85,17941.85,17840.35,17895.2,324070016,INR
11-10-2021,NIFTY 50,17867.55,18041.95,17839.1,17945.95,375760000,INR
12-10-2021,NIFTY 50,17915.8,18008.65,17864.95,17991.95,355569984,INR
13-10-2021,NIFTY 50,18097.85,18197.8,18050.75,18161.75,506680000,INR
14-10-2021,NIFTY 50,18272.85,18350.75,18248.7,18338.55,538710016,INR
18-10-2021,NIFTY 50,18500.1,18543.15,18445.3,18477.05,469884000,INR
19-10-2021,NIFTY 50,18602.35,18604.45,18377.7,18418.75,368230016,INR
20-10-2021,NIFTY 50,18439.9,18458.3,18209.35,18266.6,371276000,INR
21-10-2021,NIFTY 50,18382.7,18384.2,18048,18178.1,365902016,INR
22-10-2021,NIFTY 50,18230.7,18314.25,18034.35,18114.9,324748000,INR
25-10-2021,NIFTY 50,18229.5,18241.4,17968.5,18125.4,418704000,INR
26-10-2021,NIFTY 50,18154.5,18310.45,18099.3,18268.4,341377984,INR
27-10-2021,NIFTY 50,18295.85,18342.05,18167.9,18210.95,335248000,INR
28-10-2021,NIFTY 50,18187.65,18190.7,17799.45,17857.25,374206016,INR
29-10-2021,NIFTY 50,17833.05,17915.85,17613.1,17671.65,336467008,INR
01-11-2021,NIFTY 50,17783.15,17954.1,17697.1,17929.65,281190016,INR
02-11-2021,NIFTY 50,17970.9,18012.25,17847.6,17888.95,296441984,INR
03-11-2021,NIFTY 50,17947.95,17988.75,17757.95,17829.2,330996000,INR
04-11-2021,NIFTY 50,17935.05,17947.55,17900.6,17916.8,48515000,INR
08-11-2021,NIFTY 50,18040.2,18087.8,17836.1,18068.55,338919008,INR
09-11-2021,NIFTY 50,18084.35,18112.6,17983.05,18044.25,270198016,INR
10-11-2021,NIFTY 50,17973.45,18061.25,17915,18017.2,261447008,INR
11-11-2021,NIFTY 50,17967.45,17971.35,17798.2,17873.6,232120992,INR
12-11-2021,NIFTY 50,17977.6,18123,17905.9,18102.75,249112000,INR
15-11-2021,NIFTY 50,18140.95,18210.15,18071.3,18109.45,280428992,INR
16-11-2021,NIFTY 50,18127.05,18132.65,17958.8,17999.2,267432000,INR
17-11-2021,NIFTY 50,17939.35,18022.65,17879.25,17898.65,295716000,INR
18-11-2021,NIFTY 50,17890.55,17945.6,17688.5,17764.8,278424992,INR
22-11-2021,NIFTY 50,17796.25,17805.25,17280.45,17416.55,356400000,INR
23-11-2021,NIFTY 50,17281.75,17553.7,17216.1,17503.35,308843008,INR
24-11-2021,NIFTY 50,17550.05,17600.6,17354,17415.05,298052000,INR
25-11-2021,NIFTY 50,17417.3,17564.35,17351.7,17536.25,255947008,INR
26-11-2021,NIFTY 50,17338.75,17355.4,16985.7,17026.45,356329984,INR
29-11-2021,NIFTY 50,17055.8,17160.7,16782.4,17053.95,348888992,INR
30-11-2021,NIFTY 50,17051.15,17324.65,16931.4,16983.2,498000000,INR
01-12-2021,NIFTY 50,17104.4,17213.05,17064.25,17166.9,295542016,INR
02-12-2021,NIFTY 50,17183.2,17420.35,17149.3,17401.65,279868000,INR
03-12-2021,NIFTY 50,17424.9,17489.8,17180.8,17196.7,292526016,INR
06-12-2021,NIFTY 50,17209.05,17216.75,16891.7,16912.25,231716992,INR
07-12-2021,NIFTY 50,17044.1,17251.65,16987.75,17176.7,254144000,INR
08-12-2021,NIFTY 50,17315.25,17484.6,17308.95,17469.75,257792000,INR
09-12-2021,NIFTY 50,17524.4,17543.25,17379.6,17516.85,237170000,INR
10-12-2021,NIFTY 50,17476.05,17534.35,17405.25,17511.3,204467008,INR
13-12-2021,NIFTY 50,17619.1,17639.5,17355.95,17368.25,256560992,INR
14-12-2021,NIFTY 50,17283.2,17376.2,17225.8,17324.9,270966016,INR
15-12-2021,NIFTY 50,17323.65,17351.2,17192.2,17221.4,214972000,INR
16-12-2021,NIFTY 50,17373,17379.35,17184.95,17248.4,219496000,INR
17-12-2021,NIFTY 50,17276,17298.15,16966.45,16985.2,354591008,INR
20-12-2021,NIFTY 50,16824.25,16840.1,16410.2,16614.2,330614016,INR
21-12-2021,NIFTY 50,16773.15,16936.4,16688.25,16770.85,241031008,INR
22-12-2021,NIFTY 50,16865.55,16971,16819.5,16955.45,207946000,INR
23-12-2021,NIFTY 50,17066.8,17118.65,17015.55,17072.6,196964992,INR
24-12-2021,NIFTY 50,17149.5,17155.6,16909.6,17003.75,182564992,INR
27-12-2021,NIFTY 50,16937.75,17112.05,16833.2,17086.25,144776992,INR
28-12-2021,NIFTY 50,17177.6,17250.25,17161.15,17233.25,176026000,INR
29-12-2021,NIFTY 50,17220.1,17285.95,17176.65,17213.6,161679008,INR
30-12-2021,NIFTY 50,17201.45,17264.05,17146.35,17203.95,320832000,INR
31-12-2021,NIFTY 50,17244.5,17400.8,17238.5,17354.05,167026000,INR
03-01-2022,NIFTY 50,17387.15,17646.65,17383.3,17625.7,200456000,INR
04-01-2022,NIFTY 50,17681.4,17827.6,17593.55,17805.25,247436992,INR
05-01-2022,NIFTY 50,17820.1,17944.7,17748.85,17925.25,251460000,INR
06-01-2022,NIFTY 50,17768.5,17797.95,17655.55,17745.9,236455008,INR
07-01-2022,NIFTY 50,17797.6,17905,17704.55,17812.7,239338000,INR
10-01-2022,NIFTY 50,17913.3,18017.45,17879.15,18003.3,232418000,INR
11-01-2022,NIFTY 50,17997.75,18081.25,17964.4,18055.75,220239008,INR
12-01-2022,NIFTY 50,18170.4,18227.95,18128.8,18212.35,244974000,INR
13-01-2022,NIFTY 50,18257,18272.25,18163.8,18257.8,303700992,INR
14-01-2022,NIFTY 50,18185,18286.95,18119.65,18255.75,229452000,INR
17-01-2022,NIFTY 50,18235.65,18321.55,18228.75,18308.1,266703008,INR
18-01-2022,NIFTY 50,18337.2,18350.95,18085.9,18113.05,227507008,INR
19-01-2022,NIFTY 50,18129.2,18129.2,17884.9,17938.4,276663008,INR
20-01-2022,NIFTY 50,17921,17943.7,17648.45,17757,258094000,INR
21-01-2022,NIFTY 50,17613.7,17707.6,17485.85,17617.15,277644992,INR
24-01-2022,NIFTY 50,17575.15,17599.4,16997.85,17149.1,323847008,INR
25-01-2022,NIFTY 50,17001.55,17309.15,16836.8,17277.95,326516000,INR
27-01-2022,NIFTY 50,17062,17182.5,16866.75,17110.15,395596992,INR
28-01-2022,NIFTY 50,17208.3,17373.5,17077.1,17101.95,355284000,INR
31-01-2022,NIFTY 50,17302.6,17361.2,17276.85,17316.65,103104,INR
